[
  {
    "pk": 1,
    "model": "groups.group",
    "fields": {
      "description": "B\u00e6kist\u00f6\u00f0vah\u00f3pur mannar og rekur stj\u00f3rnst\u00f6\u00f0 HSSR \u00ed \u00fatk\u00f6llum. Stj\u00f3rnst\u00f6\u00f0in s\u00e9r um a\u00f0 taka saman SMS sv\u00f6run f\u00e9laga, setja saman h\u00f3pa og b\u00e6ta \u00feeim inn \u00ed verkefnagrunn Landsbjargar.",
      "slug": "baekistodvarhopur",
      "group_type": "UH",
      "title": "B\u00e6kist\u00f6\u00f0varh\u00f3pur"
    }
  },
  {
    "pk": 2,
    "model": "groups.group",
    "fields": {
      "description": "T\u00f6luvh\u00f3pur annast vi\u00f0hald t\u00f6lvukerfa HSSR. \u00dear \u00e1 me\u00f0al eru \u00fatst\u00f6\u00f0varnar \u00ed seta\u00f0st\u00f6\u00f0unni, t\u00f6lvurnar \u00ed b\u00edlunum og b\u00e6kist\u00f6\u00f0inni.",
      "slug": "tolvuhopur",
      "group_type": "AH",
      "title": "T\u00f6lvuh\u00f3pur"
    }
  },
  {
    "pk": 3,
    "model": "groups.group",
    "fields": {
      "description": "H\u00f3purinn s\u00e9r um rekstur og m\u00f6nnun b\u00edla HSSR \u00ed almennu starfi og \u00fatk\u00f6llum.\r\n\r\nVinnukv\u00f6ld h\u00f3psins eru \u00e1 m\u00e1nud\u00f6gum og m\u00e6ta menn oft \u00ed kringum sj\u00f6-leiti\u00f0.",
      "slug": "bilahopur",
      "group_type": "UH",
      "title": "B\u00edlah\u00f3pur"
    }
  },
  {
    "pk": 4,
    "model": "groups.group",
    "fields": {
      "description": "B\u00fa\u00f0ah\u00f3pur s\u00e9r um uppsetningu og rekstur b\u00fa\u00f0a \u00ed \u00fatk\u00f6llum.",
      "slug": "budahopur",
      "group_type": "UH",
      "title": "B\u00fa\u00f0ah\u00f3pur"
    }
  },
  {
    "pk": 5,
    "model": "groups.group",
    "fields": {
      "description": "F\u00e9lagar \u00e1 besta aldri. Har\u00f0duglegt fer\u00f0af\u00f3lk. Margir enn \u00e1 \u00fatkallsskr\u00e1.",
      "slug": "eftirbatar",
      "group_type": "FL",
      "title": "Eftirb\u00e1tar"
    }
  },
  {
    "pk": 6,
    "model": "groups.group",
    "fields": {
      "description": "L\u00e9ttsveitin er allra yndi...",
      "slug": "lettsveit",
      "group_type": "UH",
      "title": "L\u00e9ttsveit"
    }
  },
  {
    "pk": 7,
    "model": "groups.group",
    "fields": {
      "description": "Fjallah\u00f3pur s\u00e9rh\u00e6fir sig \u00ed fjallast\u00fassi.",
      "slug": "fjallahopur",
      "group_type": "UH",
      "title": "Fjallah\u00f3pur"
    }
  },
  {
    "pk": 8,
    "model": "groups.group",
    "fields": {
      "description": "Leitarhundar leita me\u00f0 hundum",
      "slug": "leitarhundar",
      "group_type": "UH",
      "title": "Leitarhundar"
    }
  },
  {
    "pk": 9,
    "model": "groups.group",
    "fields": {
      "description": "Leitarh\u00f3pur leitar a\u00f0 f\u00f3lki.",
      "slug": "leitarhopur",
      "group_type": "UH",
      "title": "Leitarh\u00f3pur"
    }
  },
  {
    "pk": 10,
    "model": "groups.group",
    "fields": {
      "description": "Sj\u00fakrah\u00f3pur \u00e6fir fyrstu hj\u00e1lp.\r\n\r\n\u00c6fingar og vinnukv\u00f6ld eru 2. og 4. fimmtudag \u00ed m\u00e1nu\u00f0i.",
      "slug": "sjukrahopur",
      "group_type": "UH",
      "title": "Sj\u00fakrah\u00f3pur"
    }
  },
  {
    "pk": 11,
    "model": "groups.group",
    "fields": {
      "description": "Sle\u00f0ah\u00f3purinn heldur vi\u00f0 og mannar v\u00e9lsle\u00f0a til notkunar \u00ed a\u00f0ger\u00f0um.",
      "slug": "sledahopur",
      "group_type": "UH",
      "title": "Sle\u00f0ah\u00f3pur"
    }
  },
  {
    "pk": 12,
    "model": "groups.group",
    "fields": {
      "description": "Snj\u00f3b\u00edlsh\u00f3purinn s\u00e9r um vi\u00f0hald og rekstur Bola og keyrir hann \u00ed \u00fatk\u00f6llum.",
      "slug": "snjobilshopur",
      "group_type": "UH",
      "title": "Snj\u00f3b\u00edlsh\u00f3pur"
    }
  },
  {
    "pk": 13,
    "model": "groups.group",
    "fields": {
      "description": "Stj\u00f3rn HSSR er stj\u00f3rn HSSR.",
      "slug": "stjorn",
      "group_type": "AH",
      "title": "Stj\u00f3rn"
    }
  },
  {
    "pk": 14,
    "model": "groups.group",
    "fields": {
      "description": "Undanfarar sinna s\u00e9rh\u00e6f\u00f0um fjallabj\u00f6rgunar\u00fatk\u00f6llum.",
      "slug": "undanfarar",
      "group_type": "UH",
      "title": "Undanfarar"
    }
  },
  {
    "pk": 15,
    "model": "groups.group",
    "fields": {
      "description": "V\u00e9lhj\u00f3lagengi\u00f0 er landsins s\u00ed\u00f0asta v\u00f6rn gegn erlendum bifhj\u00f3lagl\u00e6pagengjum.",
      "slug": "velhjolahopur",
      "group_type": "UH",
      "title": "V\u00e9lhj\u00f3lah\u00f3pur"
    }
  },
  {
    "pk": 16,
    "model": "groups.group",
    "fields": {
      "description": "\u00deri\u00f0ja bylgjan er h\u00f3pur reyndra f\u00e9laga sem starfa ekki dags daglega me\u00f0 \u00f6\u00f0rum h\u00f3pum en eru til taks ef til vi\u00f0ameiri a\u00f0ger\u00f0a kemur.",
      "slug": "thridja-bylgjan",
      "group_type": "UH",
      "title": "\u00deri\u00f0ja bylgjan"
    }
  },
  {
    "pk": 18,
    "model": "groups.group",
    "fields": {
      "description": "H\u00f3pur vaskra st\u00falkna og sveina stundar reglulega \u00fe\u00e1 \u00ed\u00fer\u00f3tt a\u00f0 sparka knetti s\u00edn \u00e1 milli.",
      "slug": "fotboltahopur",
      "group_type": "FL",
      "title": "F\u00f3tboltah\u00f3pur"
    }
  },
  {
    "pk": 19,
    "model": "groups.group",
    "fields": {
      "description": "Flugeldanefndin s\u00e9r um kaup og s\u00f6lu flugelda \u00e1 vegum HSSR.",
      "slug": "flugeldanefnd",
      "group_type": "AH",
      "title": "Flugeldanefnd"
    }
  },
  {
    "pk": 20,
    "model": "groups.group",
    "fields": {
      "description": "H\u00fasn\u00e6\u00f0isnefnd s\u00e9r um h\u00fasn\u00e6\u00f0i sveitarinnar a\u00f0 Malarh\u00f6f\u00f0a 6.",
      "slug": "husnaedisnefnd",
      "group_type": "AH",
      "title": "H\u00fasn\u00e6\u00f0isnefnd"
    }
  },
  {
    "pk": 21,
    "model": "groups.group",
    "fields": {
      "description": "Hengilsnefnd s\u00e9r um Hengilsverkefni\u00f0 sem HSSR hefur unni\u00f0 me\u00f0 Orkuveitu Reykjav\u00edkur undanfarin \u00e1r.",
      "slug": "hengilsnefnd",
      "group_type": "AH",
      "title": "Hengilsnefnd"
    }
  },
  {
    "pk": 22,
    "model": "groups.group",
    "fields": {
      "description": "\u00c1\u00f0ur en einstaklingur f\u00e6r a\u00f0 skrifa undir ei\u00f0staf HSSR og ganga inn \u00ed sveitina ver\u00f0ur hann a\u00f0 lj\u00faka \u00fej\u00e1lfun sem veitir honum grunnf\u00e6rni til a\u00f0 starfa sem bj\u00f6rgunarma\u00f0ur \u00ed nafni sveitarinnar.",
      "slug": "nylidar",
      "group_type": "AH",
      "title": "N\u00fdli\u00f0ar"
    }
  },
  {
    "pk": 23,
    "model": "groups.group",
    "fields": {
      "description": "Vinnuh\u00f3purinn er starfsh\u00f3pur sem sinnir fj\u00e1r\u00f6flunum.",
      "slug": "vinnuhopur",
      "group_type": "AH",
      "title": "Vinnuh\u00f3pur"
    }
  },
  {
    "pk": 1,
    "model": "events.role",
    "fields": {
      "title": "\u00c1byrg\u00f0arma\u00f0ur"
    }
  },
  {
    "pk": 2,
    "model": "events.role",
    "fields": {
      "title": "\u00d6kuma\u00f0ur"
    }
  },
  {
    "pk": 3,
    "model": "events.role",
    "fields": {
      "title": "Lei\u00f0beinandi"
    }
  },
  {
    "pk": 4,
    "model": "events.role",
    "fields": {
      "title": "\u00deolandi"
    }
  },
  {
    "pk": 5,
    "model": "events.role",
    "fields": {
      "title": "Bj\u00f6rgunarma\u00f0ur"
    }
  },
  {
    "pk": 6,
    "model": "events.role",
    "fields": {
      "title": "\u00de\u00e1tttakandi"
    }
  },
  {
    "pk": 1,
    "model": "events.eventtype",
    "fields": {
      "description": "",
      "title": "\u00c6fing"
    }
  },
  {
    "pk": 2,
    "model": "events.eventtype",
    "fields": {
      "description": "",
      "title": "Vinnukv\u00f6ld"
    }
  },
  {
    "pk": 3,
    "model": "events.eventtype",
    "fields": {
      "description": "",
      "title": "Skemmtun"
    }
  },
  {
    "pk": 4,
    "model": "events.eventtype",
    "fields": {
      "description": "",
      "title": "Fundur"
    }
  },
  {
    "pk": 5,
    "model": "events.eventtype",
    "fields": {
      "description": "",
      "title": "Fj\u00e1r\u00f6flun"
    }
  },
  {
    "pk": 6,
    "model": "events.eventtype",
    "fields": {
      "description": "",
      "title": "Fer\u00f0"
    }
  },
  {
    "pk": 7,
    "model": "events.eventtype",
    "fields": {
      "description": "",
      "title": "N\u00e1mskei\u00f0"
    }
  },
  {
    "pk": 8,
    "model": "events.eventtype",
    "fields": {
      "description": "S\u00e9rverkefni eru hj\u00e1lparsveitartengd verkefni l\u00edkt og H\u00e1lendisg\u00e6slan.",
      "title": "S\u00e9rverkefni"
    }
  },
  {
    "pk": 1,
    "model": "events.event",
    "fields": {
      "date_time_begin": "2013-08-31T07:00:00Z",
      "date_time_end": "2013-08-31T19:00:00Z",
      "description": "Laugardaginn 1. september ver\u00f0ur haldi\u00f0 va\u00f0/sull- e\u00f0a straumvatnsn\u00e1mskei\u00f0 \u00ed Markarflj\u00f3tinu. Tilgangur n\u00e1mskei\u00f0s er a\u00f0 kynna a\u00f0fer\u00f0ir vi\u00f0 a\u00f0 komast yfir j\u00f6kulvatn og \u00fea\u00f0 \u00ed venjulegum g\u00f6ngufatna\u00f0i. Fari\u00f0 \u00ed grunnatri\u00f0i, hvernig best er a\u00f0 va\u00f0a og bera sig a\u00f0 \u00ed j\u00f6kulflj\u00f3ti me\u00f0 og \u00e1n l\u00ednu.\r\n\r\nF\u00f3lk ve\u00f0ur \u00ed g\u00f6ngusk\u00f3m og venjulegum fjallafatna\u00f0i. Gott er a\u00f0 vera s\u00e6milega b\u00fainn, ullarn\u00e6rf\u00f6t \u00e6skileg innst kl\u00e6\u00f0a og ekki sakar a\u00f0 vera \u00ed g\u00f3\u00f0um ullarsokkum.\r\n\r\nAuk \u00feess er belti, hj\u00e1lmur, vettlingar og \u00feurr f\u00f6t til skiptanna nau\u00f0synlegur b\u00fana\u00f0ur.\r\n\r\nVa\u00f0prik af einhverju tagi er mikill kostur. \u00dear er veri\u00f0 a\u00f0 tala um eitthva\u00f0 verklegri staf en sk\u00ed\u00f0astaf.\r\n\r\nVettlingar af einhverju tagi eru nau\u00f0synlegir. Kemur \u00ed veg fyrir a\u00f0 menn hrufli sig \u00e1 h\u00f6ndum.\r\n\r\nEitthva\u00f0 heitt a\u00f0 drekka sakar ekki.\r\n\r\nN\u00e1mskei\u00f0i\u00f0 er skyldun\u00e1mskei\u00f0 N2 en \u00f6llum \u00e1hugas\u00f6mum fullgildum f\u00e9l\u00f6gum opi\u00f0.\r\n\r\nM\u00e6ting \u00e1 M-6 kl. 7:00\r\nKl. 7:30 fari\u00f0 \u00ed grunnatri\u00f0i straumvatna \u00e1 M-6 \u00e1\u00f0ur en lagt ver\u00f0ur af sta\u00f0.",
      "event_type": 7,
      "title": "\u00deverun straumvatna"
    }
  },
  {
    "pk": 2,
    "model": "events.event",
    "fields": {
      "date_time_begin": "2013-09-02T19:00:00Z",
      "date_time_end": "2013-09-02T21:30:00Z",
      "description": "Tiltekt og haust\u00ferif. Taka \u00feri\u00f0ju h\u00e6\u00f0ina \u00ed gegn og ra\u00f0a d\u00f3ti upp \u00ed hillur sem \u00fear er b\u00fai\u00f0 a\u00f0 koma fyrir. Henda og henda og henda.\r\n\r\nFara \u00ed gegnum sameiginlegan b\u00fana\u00f0 og einstaklingsd\u00f3t sem ekki er \u00ed sk\u00e1pum.\r\n\r\nSveitarforingi st\u00fdrir",
      "event_type": 2,
      "title": "Hausttiltekt og \u00ferif "
    }
  },
  {
    "pk": 3,
    "model": "events.event",
    "fields": {
      "date_time_begin": "2013-09-02T20:00:00Z",
      "date_time_end": "2013-09-02T22:00:00Z",
      "description": "F\u00e9lagar \u00ed l\u00e9ttsveit taka s\u00e9r sm\u00e1 hl\u00e9 fr\u00e1 \u00ferifum og setja s\u00e9r markmi\u00f0 fyrir starfs\u00e1ri\u00f0.\r\n\r\nFari\u00f0 ver\u00f0ur yfir dagskr\u00e1 og \u00e1\u00e6tlun um INSARAG h\u00e6fni sveitarinnar sett saman.",
      "event_type": 4,
      "title": "Dagskr\u00e1rfundur"
    }
  },
  {
    "pk": 4,
    "model": "events.event",
    "fields": {
      "date_time_begin": "2013-09-05T18:00:00Z",
      "date_time_end": "2013-09-05T22:00:00Z",
      "description": "Stutt l\u00fdsing:\r\nTveimur kv\u00f6ldum eftir Kynningarfundinn er \u00f3formleg kv\u00f6ldganga fyrir n\u00fdli\u00f0a \u00ed fylgd nokkurra inngenginna f\u00e9laga. Er \u00feetta hugsa\u00f0 sem l\u00e9tt og skemmtileg kynning, b\u00e6\u00f0i fyrir h\u00f3pinn innbyr\u00f0is, en eins me\u00f0 virkustu f\u00e9l\u00f6gum sveitarinnar. Eins er \u00feetta kj\u00f6ri\u00f0 t\u00e6kif\u00e6ri fyrir komandi n\u00fdli\u00f0a til a\u00f0 spyrja hva\u00f0 sem \u00e1 huga \u00feeirra s\u00e6kir \u00ed mun afslappa\u00f0ra umhverfi en \u00e1 formlegum og fj\u00f6lmennum kynningarfundinum.\r\n\r\nFyrirkomulag:\r\nJ\u00e1kv\u00e6\u00f0 og \u00fe\u00e6gileg fer\u00f0, \u00fear sem \u00e1hersla er l\u00f6g\u00f0 \u00e1 \u00fe\u00e6gilegt andr\u00famsloft og a\u00f0 f\u00f3lk kynnist.Vali\u00f0 er eitthva\u00f0 hentugt fjall \u00ed n\u00e1grenni b\u00e6jarins \u2013 oft Helgafell ofan vi\u00f0 Hafnar-fj\u00f6r\u00f0. Ef h\u00f3purinn er l\u00edtill er h\u00e6gt a\u00f0 fara \u00feetta \u00e1 sveitarb\u00edlum, en annars ver\u00f0ur \u00feetta blanda af einkab\u00edlum og sveitarb\u00edlum.\r\nFinna \u00fearf til allnokkra virka f\u00e9laga HSSR, inngengna sem N2, til a\u00f0 koma me\u00f0. Leggja \u00fearf \u00e1herslu \u00e1 a\u00f0 \u00feeirra hlutverk s\u00e9 a\u00f0 blanda s\u00e9r \u00e1 me\u00f0al n\u00fdli\u00f0a til a\u00f0 geta r\u00e6tt m\u00e1lin og svara\u00f0 spurningum. \u00dev\u00ed er mikilv\u00e6gt a\u00f0 vi\u00f0komandi s\u00e9u \u00ed merktum fatna\u00f0i. \u00dear sem h\u00e9r eru flestir n\u00fdir er mikilv\u00e6gt a\u00f0 fararstj\u00f3rnin s\u00e9 markviss og uppl\u00fdsandi.",
      "event_type": 6,
      "title": "Kynningarfjall m\u00e1na\u00f0arins"
    }
  },
  {
    "pk": 5,
    "model": "events.event",
    "fields": {
      "date_time_begin": "2013-09-06T18:00:00Z",
      "date_time_end": "2013-09-08T18:00:00Z",
      "description": "\u00c1rleg fjallahj\u00f3lafer\u00f0 (Ey\u00fe\u00f3rs).\r\nLagt af sta\u00f0 fr\u00e1 M6 kl. 18 \u00e1 f\u00f6studegi 7. sept.\r\nKomi\u00f0 til baka \u00e1 sunnudegi.\r\n\r\nGert r\u00e1\u00f0 fyrir a\u00f0 hj\u00f3la \u00ed Skagafir\u00f0i me\u00f0fram Austari-J\u00f6kuls\u00e1.\r\nPlan B ver\u00f0ur einnig sett upp.\r\n\r\n\u00c1 fimmtudeginum 6. sept ver\u00f0ur gengi\u00f0 fr\u00e1 hj\u00f3lum vegna flutnings \u00feannig a\u00f0 \u00feeir sem \u00e6tla me\u00f0 \u00feurfa a\u00f0 m\u00e6ta \u00fe\u00e1 me\u00f0 s\u00edn rei\u00f0hj\u00f3l.\r\n\u00deeir sem ekki koma me\u00f0 hj\u00f3li\u00f0 sitt \u00e1 fimmtudeginum fara ekki me\u00f0 \u00ed fer\u00f0ina.\r\n\r\nUms\u00f3n me\u00f0 undirb\u00faningi fer\u00f0arinnar: Gu\u00f0mundur J. Bj\u00f6rgvinsson",
      "event_type": 6,
      "title": "Fjallahj\u00f3lafer\u00f0 Ey\u00fe\u00f3rs"
    }
  },
  {
    "pk": 6,
    "model": "events.event",
    "fields": {
      "date_time_begin": "2013-09-03T17:00:00Z",
      "date_time_end": "2013-09-03T18:30:00Z",
      "description": "Fyrsti haustfundur flugeldanefndar.",
      "event_type": 4,
      "title": "Flugeldanefndarfundur"
    }
  },
  {
    "pk": 7,
    "model": "events.event",
    "fields": {
      "date_time_begin": "2013-09-03T17:30:00Z",
      "date_time_end": "2013-09-03T23:30:00Z",
      "description": "Unni\u00f0 vi\u00f0 kortaskipti.",
      "event_type": 5,
      "title": "Hengilsverkefni\u00f0"
    }
  },
  {
    "pk": 8,
    "model": "events.event",
    "fields": {
      "date_time_begin": "2013-09-03T20:00:00Z",
      "date_time_end": "2013-09-03T22:00:00Z",
      "description": "Kynning \u00e1 starfi HSSR fyrir n\u00fdli\u00f0a sem hefja n\u00fdli\u00f0a\u00fej\u00e1lfun hausti\u00f0 2012.\r\n\r\nMikilv\u00e6gt a\u00f0 virkir f\u00e9lagar m\u00e6ti til a\u00f0 fr\u00e6\u00f0a \u00e1hugasama n\u00fdli\u00f0a um starfi\u00f0 \u00ed sveitinni.\r\n\r\nDagskr\u00e1 fundarins:\r\n\r\n1. Haukur kynnir sveitina \u00ed gr\u00f3fum dr\u00e1ttum\r\n2. Einar Ragnar kynnir dagskr\u00e1 n\u00fdli\u00f0astarfsins sem er a\u00f0 fara a\u00f0 hefjast\r\n3. N\u00fdli\u00f0ar fr\u00e1 s\u00ed\u00f0asta \u00e1ri s\u00fdna myndir og segja fr\u00e1 n\u00fdli\u00f0a\u00e1rinu\r\n4. Spurningar og sv\u00f6r e\u00f0a \u00f3v\u00e6ntar upp\u00e1komur\r\n5. N\u00fdli\u00f0um s\u00fdnd a\u00f0sta\u00f0an \u00e1 M6",
      "event_type": 4,
      "title": "Kynning \u00e1 n\u00fdli\u00f0a\u00fej\u00e1lfun"
    }
  },
  {
    "pk": 9,
    "model": "events.event",
    "fields": {
      "date_time_begin": "2013-09-04T20:00:00Z",
      "date_time_end": "2013-09-04T22:00:00Z",
      "description": "Fari\u00f0 yfir dagskr\u00e1 og skipulag vetrarins.",
      "event_type": 4,
      "title": "Dagskr\u00e1rfundur"
    }
  },
  {
    "pk": 10,
    "model": "events.event",
    "fields": {
      "date_time_begin": "2013-09-04T20:00:00Z",
      "date_time_end": "2013-09-04T22:00:00Z",
      "description": "Fari\u00f0 er yfir a\u00f0ger\u00f0ir fr\u00e1 s\u00ed\u00f0asta r\u00fdnifundi.\r\n\u00d6llum f\u00e9l\u00f6gum HSSR, sem telja sig eiga erindi \u00e1 fundinn me\u00f0 \u00e1bendingar e\u00f0a spurningar, er heimilt a\u00f0 m\u00e6ta.",
      "event_type": 4,
      "title": "R\u00fdnifundur sv\u00e6\u00f0isstj\u00f3rnar "
    }
  },
  {
    "pk": 11,
    "model": "events.event",
    "fields": {
      "date_time_begin": "2013-09-05T20:00:00Z",
      "date_time_end": "2013-09-05T21:00:00Z",
      "description": "F\u00f6rum \u00ed gegnum dagskr\u00e1 vetrarins og fleiri m\u00e1l sem tengjast h\u00f3pnum.",
      "event_type": 4,
      "title": "Dagskr\u00e1rfundur"
    }
  },
  {
    "pk": 12,
    "model": "events.event",
    "fields": {
      "date_time_begin": "2013-09-06T17:00:00Z",
      "date_time_end": "2013-09-06T22:00:00Z",
      "description": "Unni\u00f0 me\u00f0 HSG.\r\nPanta\u00f0ur g\u00e6slumannafj\u00f6ldi 110. \u00dear af leggur HSSR til 55 manns.",
      "event_type": 5,
      "title": "F\u00f3tboltag\u00e6sla, \u00cdsland-Noregur"
    }
  },
  {
    "pk": 13,
    "model": "events.event",
    "fields": {
      "date_time_begin": "2013-09-09T18:00:00Z",
      "date_time_end": "2013-09-09T20:00:00Z",
      "description": "Venjubundinn fundur \u00ed b\u00e6kist\u00f6\u00f0varh\u00f3pi.",
      "event_type": 4,
      "title": "B\u00e6kist\u00f6\u00f0varfundur"
    }
  },
  {
    "pk": 14,
    "model": "events.event",
    "fields": {
      "date_time_begin": "2013-09-09T19:00:00Z",
      "date_time_end": "2013-09-09T22:00:00Z",
      "description": "Vinnukv\u00f6ld",
      "event_type": 2,
      "title": "Vinnukv\u00f6ld"
    }
  },
  {
    "pk": 15,
    "model": "events.event",
    "fields": {
      "date_time_begin": "2013-09-10T18:00:00Z",
      "date_time_end": "2013-09-10T23:00:00Z",
      "description": "",
      "event_type": 5,
      "title": "Hengilsverkefni\u00f0"
    }
  },
  {
    "pk": 16,
    "model": "events.event",
    "fields": {
      "date_time_begin": "2013-09-10T18:00:00Z",
      "date_time_end": "2013-09-10T20:00:00Z",
      "description": "",
      "event_type": 4,
      "title": "Stj\u00f3rnarfundur"
    }
  },
  {
    "pk": 17,
    "model": "events.event",
    "fields": {
      "date_time_begin": "2013-09-10T19:00:00Z",
      "date_time_end": "2013-09-10T21:00:00Z",
      "description": "N2 heims\u00e6kja Sk\u00f3garhl\u00ed\u00f0 \u00ed tengslum vi\u00f0 n\u00e1mskei\u00f0 \u00ed leitart\u00e6kni.",
      "event_type": 7,
      "title": "Leitart\u00e6kni"
    }
  },
  {
    "pk": 18,
    "model": "events.event",
    "fields": {
      "date_time_begin": "2013-09-10T20:00:00Z",
      "date_time_end": "2013-09-10T22:00:00Z",
      "description": "Fyrsta fr\u00e6\u00f0slukv\u00f6ldi\u00f0 fjallar um \u00feann pers\u00f3nulega b\u00fana\u00f0 sem \u00fearf til a\u00f0 taka \u00fe\u00e1tt \u00ed starfi hj\u00e1lparsveitarinnar \u2013 b\u00e6\u00f0i hva\u00f0 \u00fearf og hva\u00f0a eiginleikum hann \u00fearf a\u00f0 vera b\u00fainn. Sambland af fyrirlestri og spjalli, \u00fear sem reyndur lei\u00f0beinandi fer yfir efni\u00f0 og s\u00fdnir b\u00fana\u00f0inn. Einnig fjalla\u00f0 um val og kaup \u00e1 b\u00fana\u00f0i.\r\n\r\n\r\nMikilv\u00e6gt er a\u00f0 lei\u00f0beinandinn setji ni\u00f0ur fyrir s\u00e9r hvernig hann \u00e6tlar a\u00f0 taka \u00e1 efninu \u00ed heild og skipuleggi \u00fea\u00f0 \u00fat fr\u00e1 sj\u00f3narhorni \u00feess sem \u00e1 hl\u00fd\u00f0ir. H\u00e9r er ekki n\u00f3g a\u00f0 byrja bara efst \u00ed fatahr\u00fagunni og vinna sig ni\u00f0ur \u00ed gegnum hana, en \u00feetta \u00fearf a\u00f0 vera mark\u00acvisst unni\u00f0 og au\u00f0skili\u00f0 fyrir f\u00f3lk sem litla e\u00f0a enga reynslu \u00e1 \u00feessu svi\u00f0inu.\r\n\r\nByrja a\u00f0 fjalla um \u00feann grunnb\u00fana\u00f0 sem \u00fearf fr\u00e1 byrjun, en s\u00ed\u00f0an hvernig vi\u00f0 \u00feetta b\u00e6tist \u00feegar l\u00ed\u00f0ur \u00e1 n\u00fdli\u00f0a\u00fej\u00e1lfunina. Gott a\u00f0 s\u00fdna sem:\r\n\u2022 Grunnb\u00fana\u00f0ur \u00ed byrjun n\u00fdli\u00f0astarfs\r\n\u2022 B\u00fana\u00f0ur \u00ed lok n\u00fdli\u00f0astarfs\r\n\u2022 B\u00fana\u00f0ur inngengins \u00e1 almennri \u00fatkallsskr\u00e1\r\n\u2022 B\u00fana\u00f0ur undanfara\r\n\r\nEinnig a\u00f0 koma inn\u00e1 lausnir til a\u00f0 redda s\u00e9r \u00ed byrjun, \u00fev\u00ed ekki geta allir hlaupi\u00f0 \u00fat \u00ed b\u00fa\u00f0 og fj\u00e1rfest \u00ed \u00feessu \u00f6llu fyrir n\u00e6stu helgi.\r\n\r\nGrunnfatna\u00f0ur, innan fr\u00e1 og \u00fat:\r\n\u2022 Lagskipting. Einangrun og ve\u00f0urhl\u00edf\r\n\u2022 Kostir og gallar \u00e1 \u00f6llum st\u00e6rri/d\u00fdrari hlutum, s.s. j\u00f6kkum og buxum\r\n\u2022 Sk\u00f3r, mismunandi ger\u00f0ir, kostir og gallar, g\u00f3\u00f0 m\u00e1tun, me\u00f0fer\u00f0 og ending\r\n\r\nS\u00e9rh\u00e6f\u00f0ari fatna\u00f0ur:\r\n\u2022 Sokkar, vettlingar, h\u00fafur, legghl\u00edfar\r\n\u2022 Bakpokar, dagpokar og st\u00e6rri pokar\r\n\u2022 Svefnpokar og d\u00fdnur\r\n\u2022 Tj\u00f6ld og bivakpokar\r\n\u2022 Pr\u00edmusar, hitabr\u00fasar og annar b\u00fana\u00f0ur tengdur mat\r\n\u2022 \u00c1ttavitar og GPS\r\n\u2022 Sm\u00e1b\u00fana\u00f0ur, ennislj\u00f3s, hn\u00edfur, s\u00f3lgleraugu, sk\u00ed\u00f0agleraugu, sj\u00fakrap\u00fa\u00f0i.\r\n\u2022 \u00ddlir, st\u00f6ng og sk\u00f3fla\r\n\u2022 Broddar og axir, g\u00f6ngu- og klifur, munurinn og notin\r\n\u2022 Sk\u00ed\u00f0i?\r\n\u2022 (Myndav\u00e9lar sem henta \u00ed hj\u00e1lparsveitastarfi\u00f0)\r\n\u2022 S\u00e9rh\u00e6f\u00f0ari b\u00fana\u00f0ur \u2013 klifurbelti, hj\u00e1lmar og annar klifurb\u00fana\u00f0ur.\r\n\u2022 Segja fr\u00e1 l\u00e1nsb\u00fana\u00f0i HSSR, en jafnframt a\u00f0 hann s\u00e9 ekki \u00fea\u00f0 mikill a\u00f0 hann dugi \u00f6llum.",
      "event_type": 7,
      "title": "Fer\u00f0ab\u00fana\u00f0ur"
    }
  },
  {
    "pk": 19,
    "model": "events.event",
    "fields": {
      "date_time_begin": "2013-09-11T04:00:00Z",
      "date_time_end": "2013-09-15T17:00:00Z",
      "description": "\u00c6fingin sn\u00fdst um samh\u00e6fingu skipa og flugv\u00e9la \u00ed leitar- og bj\u00f6rgunara\u00f0ger\u00f0um samkv\u00e6mt Arctic Concil SAR samkomulaginuu fr\u00e1 ma\u00ed 2011. \u00c6f\u00f0 ver\u00f0a vi\u00f0br\u00f6g\u00f0 og a\u00f0sto\u00f0 vi\u00f0 skemmtifer\u00f0askip \u00ed ney\u00f0 \u00e1 nor\u00f0urheimskautssv\u00e6\u00f0inu.\r\n\r\n\u00de\u00e1tttakendur \u00e1 \u00e6fingunni eru Canada, Danm\u00f6rk, FInnland, \u00cdsland, Noregur, R\u00fassland, Sv\u00ed\u00fej\u00f3\u00f0 og USA.\r\n\r\nLandhelgisg\u00e6slan og Landsbj\u00f6rg taka \u00fe\u00e1tt \u00ed \u00e6fingunni fyrir h\u00f6nd \u00cdslands.\r\n\r\nLandsbj\u00f6rg t\u00f3k a\u00f0 s\u00e9r a\u00f0 setja upp b\u00fa\u00f0ir \u00ed Meistarav\u00edk og \u00e1 eyjunni Elle.\r\n\r\n\u00cd Meistarav\u00edk ver\u00f0ur sett upp a\u00f0sta\u00f0a fyrir danska greiningasveit (12-20 manns) \u00e1samt stj\u00f3rnst\u00f6\u00f0 og fjarskiptum fyrir 6 danska/gr\u00e6nlenska l\u00f6greglumenn. Um 20 far\u00feegar af \"skemmtifer\u00f0askipinu\" munu fara \u00ed gegnum greiningast\u00f6\u00f0ina.\r\n\r\n\u00c1 eyjunni Elle ver\u00f0ur sett upp stj\u00f3rnst\u00f6\u00f0 og fjarskipti fyrir 6 danska/gr\u00e6nlenska l\u00f6greglmenn.\r\n\r\nHlutverk HSSR er a\u00f0 sj\u00e1 um b\u00fa\u00f0arhlutann. Bjs. Hafnarfjar\u00f0ar mun setja upp fjarskipti \u00ed stj\u00f3rnst\u00f6\u00f0vunum og tryggja fjarskipti \u00e1 sv\u00e6\u00f0i. Einnig um Bj. Su\u00f0urnesja taka \u00fe\u00e1tt \u00ed \u00e6fingunni.\r\n\r\nR\u00e1\u00f0gert er a\u00f0 h\u00f3purinn fari me\u00f0 flugi til Gr\u00e6nlands mi\u00f0vikudaginn 12. september kl 6:00 me\u00f0 bandar\u00edkskri herflutningav\u00e9l og komi til baka me\u00f0 var\u00f0skipinu \u00de\u00f3r sunnudaginn 16. september.",
      "event_type": 1,
      "title": "SAREX Gr\u00e6nland "
    }
  },
  {
    "pk": 20,
    "model": "events.event",
    "fields": {
      "date_time_begin": "2013-09-13T18:00:00Z",
      "date_time_end": "2013-09-15T17:00:00Z",
      "description": "",
      "event_type": 7,
      "title": "Fer\u00f0amennska og r\u00f6tun"
    }
  },
  {
    "pk": 21,
    "model": "events.event",
    "fields": {
      "date_time_begin": "2013-09-13T18:00:00Z",
      "date_time_end": "2013-09-15T18:00:00Z",
      "description": "Sta\u00f0setning: \u00dalflj\u00f3tsvatn\r\n\r\nM\u00e6ting \u00e1 M6 stundv\u00edslega kl. 18:00.\r\n\r\n\r\nB\u00fana\u00f0ur\r\n- Almennur \u00fativistarb\u00fana\u00f0ur\r\n- H\u00f6fu\u00f0lj\u00f3s\r\n- Rautt blikklj\u00f3s\r\n- Skrifblokk / Minnisblokk (Rite in the Rain - F\u00e6st \u00ed B\u00f3ks\u00f6lu St\u00fadenta)\r\n- Bl\u00fdantur\r\n- M\u00e1lband\r\n- Stafur (Sk\u00ed\u00f0astafur / g\u00f6ngustafur)\r\n- Teygjur (merki \u00e1 staf)\r\n- (Sj\u00f3nauki)",
      "event_type": 7,
      "title": "Leitart\u00e6kni"
    }
  },
  {
    "pk": 22,
    "model": "events.event",
    "fields": {
      "date_time_begin": "2013-09-13T20:00:00Z",
      "date_time_end": "2013-09-15T18:00:00Z",
      "description": "Fyrirlestrarsalurinn fr\u00e1tekinn fr\u00e1 klukkan 20:00 \u00e1 f\u00f6studagskv\u00f6ld. Einnig fr\u00e1tekinn um h\u00e1degisbil \u00e1 laugardag \u00ed um eina klst.\r\n\r\nVer\u00f0um svo \u00ed t\u00e6kjasalnum (b\u00edlasalnum) \u00e1 laugardagsmorgun. Restin er \u00fati.",
      "event_type": 7,
      "title": "Grunnn\u00e1mskei\u00f0 \u00ed fjallabj\u00f6rgun"
    }
  },
  {
    "pk": 23,
    "model": "events.event",
    "fields": {
      "date_time_begin": "2013-09-16T18:00:00Z",
      "date_time_end": "2013-09-16T22:00:00Z",
      "description": "Fr\u00e1gangur eftir Gr\u00e6nlandsfer\u00f0 \u00e1 M6",
      "event_type": 2,
      "title": "SAREX fr\u00e1gangur"
    }
  },
  {
    "pk": 24,
    "model": "events.event",
    "fields": {
      "date_time_begin": "2013-09-16T18:00:00Z",
      "date_time_end": "2013-09-16T22:00:00Z",
      "description": "Sam\u00e6fing b\u00edlah\u00f3pa \u00e1 h\u00f6fu\u00f0borgarsv\u00e6\u00f0inu (\u00fe.e.a.s. opi\u00f0 b\u00edlakv\u00f6ld HSG). Klass\u00edskar \u00e6fingar til a\u00f0 sj\u00e1 hvernig h\u00f3parnir koma undan sumri.\r\n\r\nMatti og Tinni \u00fereyttu nokkrar \u00e6fingar:\r\n\r\n*  Drullutj\u00f6kkun\r\n*  Leit a\u00f0 keilum \u00far b\u00edl\r\n*  Tappa\u00f0 \u00ed dekk\r\n*  B\u00edll dreginn \u00far \u00e1\r\n\r\n\u00cd lj\u00f3s kom a\u00f0 drullutjakkurinn \u00e1 \u00deristinum er svo gott sem \u00f3n\u00fdtur en a\u00f0rar \u00e6fingar gengu s\u00e6milega.\r\n\r\n\u00c1st\u00fe\u00f3r s\u00e1 um einn t\u00f6ppunarp\u00f3stinn \u00e1 \u00e6fingunni.\r\n\r\nFlott \u00e6fing og Gar\u00f0b\u00e6ingunum til mikils s\u00f3ma.",
      "event_type": 1,
      "title": "Sam\u00e6fing b\u00edlah\u00f3pa"
    }
  },
  {
    "pk": 25,
    "model": "events.event",
    "fields": {
      "date_time_begin": "2013-09-16T19:00:00Z",
      "date_time_end": "2013-09-16T22:00:00Z",
      "description": "Verkefni kv\u00f6ldsins eru a\u00f0 \u00fer\u00edfa og yfirfara sle\u00f0a smyrja \u00ed koppa og sko\u00f0a \u00fea\u00f0 sem g\u00e6ti \u00feurft a\u00f0 laga. td. vantar n\u00fdjan rafgeymi a\u00f0ra kisuna og loftnet \u00e1 stubb",
      "event_type": 2,
      "title": "V\u00e9lsle\u00f0ah\u00f3pur, vinnukv\u00f6ld"
    }
  },
  {
    "pk": 26,
    "model": "events.event",
    "fields": {
      "date_time_begin": "2013-09-16T19:00:00Z",
      "date_time_end": "2013-09-16T21:00:00Z",
      "description": "Lykilfundur stj\u00f3rnenda \u00fatkallsh\u00f3pa og stj\u00f3rnar.",
      "event_type": 4,
      "title": "Lykilfundur"
    }
  },
  {
    "pk": 27,
    "model": "events.event",
    "fields": {
      "date_time_begin": "2013-09-16T21:00:00Z",
      "date_time_end": "2013-09-16T22:30:00Z",
      "description": "Flokksfundur Eftirb\u00e1ta",
      "event_type": 4,
      "title": "Flokksfundur"
    }
  },
  {
    "pk": 28,
    "model": "events.event",
    "fields": {
      "date_time_begin": "2013-09-17T18:00:00Z",
      "date_time_end": "2013-09-17T20:00:00Z",
      "description": "Fr\u00e1gangur eftir SAREX 2012 Gr\u00e6nland",
      "event_type": 2,
      "title": "SAREX fr\u00e1gangur"
    }
  },
  {
    "pk": 29,
    "model": "events.event",
    "fields": {
      "date_time_begin": "2013-09-17T18:00:00Z",
      "date_time_end": "2013-09-17T22:00:00Z",
      "description": "Kortaskipti",
      "event_type": 5,
      "title": "Hengilsverkefni"
    }
  },
  {
    "pk": 30,
    "model": "events.event",
    "fields": {
      "date_time_begin": "2013-09-17T20:00:00Z",
      "date_time_end": "2013-09-17T22:00:00Z",
      "description": "Fundur me\u00f0 \u00cdA einingum a\u00f0 Sk\u00f3garhl\u00ed\u00f0 14",
      "event_type": 4,
      "title": "\u00cdA, fundur"
    }
  },
  {
    "pk": 31,
    "model": "events.event",
    "fields": {
      "date_time_begin": "2013-09-17T20:00:00Z",
      "date_time_end": "2013-09-17T22:00:00Z",
      "description": "N\u00fa fer sj\u00fakrah\u00f3pur a\u00f0 taka aftur til starfa og ver\u00f0ur fyrsti fundurinn haldinn fimmtudaginn 13. september, kl. 20:00 \u00e1 Malarh\u00f6f\u00f0anum. \u00dear f\u00f6rum vi\u00f0 yfir dagskr\u00e1na \u00ed vetur og k\u00edkjum \u00e1 n\u00fdja b\u00fana\u00f0inn sem vi\u00f0 vorum a\u00f0 kaupa \u00ed b\u00edlana, en sveitin f\u00e9kk styrk fr\u00e1 Isavia \u00ed vor til \u00feess a\u00f0 endurn\u00fdja sj\u00fakrab\u00fana\u00f0 \u00ed b\u00edlunum.\r\n\r\nAllir sem hafa \u00e1huga \u00e1 a\u00f0 starfa me\u00f0 sj\u00fakrah\u00f3p e\u00f0a vi\u00f0halda \u00feekkingu sinni \u00ed fyrstu hj\u00e1lp eru endilega hvattir til a\u00f0 m\u00e6ta, fullgildir sem og n\u00fdli\u00f0ar 2.",
      "event_type": 4,
      "title": "Sj\u00fakrah\u00f3pur, dagskr\u00e1rfundur"
    }
  },
  {
    "pk": 32,
    "model": "events.event",
    "fields": {
      "date_time_begin": "2013-09-18T18:00:00Z",
      "date_time_end": "2013-09-18T21:00:00Z",
      "description": "Taka upp g\u00f6ngulei\u00f0astikur fr\u00e1 Grafningsvegi a\u00f0 tjaldst\u00e6\u00f0i \u00e1 \u00d6lfusvatni.",
      "event_type": 5,
      "title": "Hengilsverkefni"
    }
  },
  {
    "pk": 33,
    "model": "events.event",
    "fields": {
      "date_time_begin": "2013-09-18T18:00:00Z",
      "date_time_end": "2013-09-18T20:00:00Z",
      "description": "Almennur fundur \u00ed b\u00e6kist\u00f6\u00f0varh\u00f3pi.",
      "event_type": 4,
      "title": "B\u00e6kist\u00f6\u00f0varfundur"
    }
  },
  {
    "pk": 34,
    "model": "events.event",
    "fields": {
      "date_time_begin": "2013-09-18T19:00:00Z",
      "date_time_end": "2013-09-18T20:00:00Z",
      "description": "Fari\u00f0 yfir dagskr\u00e1 vetrarins og fleiri m\u00e1l sem tengjast h\u00f3pnum.",
      "event_type": 4,
      "title": "Leitarh\u00f3pur, dagskr\u00e1rfundur"
    }
  },
  {
    "pk": 35,
    "model": "events.event",
    "fields": {
      "date_time_begin": "2013-09-18T20:30:00Z",
      "date_time_end": "2013-09-18T22:30:00Z",
      "description": "Stj\u00f3rnendur fjallah\u00f3ps \u00e1 skipulagsfundi.",
      "event_type": 4,
      "title": "Skipulagsfundur fjallah\u00f3ps"
    }
  },
  {
    "pk": 36,
    "model": "events.event",
    "fields": {
      "date_time_begin": "2013-09-19T18:00:00Z",
      "date_time_end": "2013-09-19T22:00:00Z",
      "description": "\u00dati \u00e6fing \u00ed Stardal \u00ed bo\u00f0i T&T (Tinna og Tomma). Bergtryggingar, sig, j\u00famm og jafnvel sitthva\u00f0 fleira eftir \u00fev\u00ed sem \u00e1hugi og efni standa til.",
      "event_type": 1,
      "title": "Fjallah\u00f3ps\u00e6fing"
    }
  },
  {
    "pk": 37,
    "model": "events.event",
    "fields": {
      "date_time_begin": "2013-09-21T07:00:00Z",
      "date_time_end": "2013-09-21T17:00:00Z",
      "description": "Fer\u00f0in er \u00ed framhaldi af n\u00e1mskei\u00f0inu um fer\u00f0amennsku og r\u00f6tun og er r\u00f6tun og almenn fer\u00f0amennska \u00e6f\u00f0 \u00ed fer\u00f0inni, fyrir utan a\u00f0 megintilgangur fer\u00f0arinnar er a\u00f0 n\u00fdli\u00f0arnir n\u00e1i a\u00f0 kynnast \u00ed \u00fe\u00e6gilegri g\u00f6ngufer\u00f0.",
      "event_type": 6,
      "title": "Dagsganga n\u00fdli\u00f0a"
    }
  },
  {
    "pk": 1,
    "model": "events.eventrole",
    "fields": {
      "is_hidden": false,
      "minimum": 1,
      "role": 2,
      "event": 1,
      "maximum": 0
    }
  },
  {
    "pk": 2,
    "model": "events.eventrole",
    "fields": {
      "is_hidden": false,
      "minimum": 0,
      "role": 6,
      "event": 1,
      "maximum": 0
    }
  },
  {
    "pk": 3,
    "model": "events.eventrole",
    "fields": {
      "is_hidden": false,
      "minimum": 0,
      "role": 6,
      "event": 3,
      "maximum": 0
    }
  },
  {
    "pk": 4,
    "model": "events.eventrole",
    "fields": {
      "is_hidden": false,
      "minimum": 1,
      "role": 2,
      "event": 4,
      "maximum": 0
    }
  },
  {
    "pk": 5,
    "model": "events.eventrole",
    "fields": {
      "is_hidden": false,
      "minimum": 0,
      "role": 2,
      "event": 5,
      "maximum": 0
    }
  },
  {
    "pk": 6,
    "model": "events.eventrole",
    "fields": {
      "is_hidden": false,
      "minimum": 0,
      "role": 6,
      "event": 6,
      "maximum": 0
    }
  },
  {
    "pk": 7,
    "model": "events.eventrole",
    "fields": {
      "is_hidden": false,
      "minimum": 0,
      "role": 1,
      "event": 8,
      "maximum": 0
    }
  },
  {
    "pk": 8,
    "model": "events.eventrole",
    "fields": {
      "is_hidden": false,
      "minimum": 0,
      "role": 6,
      "event": 9,
      "maximum": 0
    }
  },
  {
    "pk": 9,
    "model": "events.eventrole",
    "fields": {
      "is_hidden": false,
      "minimum": 0,
      "role": 6,
      "event": 10,
      "maximum": 0
    }
  },
  {
    "pk": 10,
    "model": "events.eventrole",
    "fields": {
      "is_hidden": false,
      "minimum": 0,
      "role": 6,
      "event": 11,
      "maximum": 0
    }
  },
  {
    "pk": 11,
    "model": "events.eventrole",
    "fields": {
      "is_hidden": false,
      "minimum": 0,
      "role": 6,
      "event": 13,
      "maximum": 0
    }
  },
  {
    "pk": 12,
    "model": "events.eventrole",
    "fields": {
      "is_hidden": false,
      "minimum": 0,
      "role": 6,
      "event": 14,
      "maximum": 0
    }
  },
  {
    "pk": 13,
    "model": "events.eventrole",
    "fields": {
      "is_hidden": false,
      "minimum": 0,
      "role": 6,
      "event": 16,
      "maximum": 0
    }
  },
  {
    "pk": 14,
    "model": "events.eventrole",
    "fields": {
      "is_hidden": false,
      "minimum": 0,
      "role": 3,
      "event": 18,
      "maximum": 0
    }
  },
  {
    "pk": 15,
    "model": "events.eventrole",
    "fields": {
      "is_hidden": false,
      "minimum": 0,
      "role": 6,
      "event": 18,
      "maximum": 0
    }
  },
  {
    "pk": 16,
    "model": "events.eventrole",
    "fields": {
      "is_hidden": false,
      "minimum": 0,
      "role": 3,
      "event": 20,
      "maximum": 0
    }
  },
  {
    "pk": 17,
    "model": "events.eventrole",
    "fields": {
      "is_hidden": false,
      "minimum": 0,
      "role": 3,
      "event": 21,
      "maximum": 0
    }
  },
  {
    "pk": 18,
    "model": "events.eventrole",
    "fields": {
      "is_hidden": false,
      "minimum": 0,
      "role": 6,
      "event": 21,
      "maximum": 0
    }
  },
  {
    "pk": 19,
    "model": "events.eventrole",
    "fields": {
      "is_hidden": false,
      "minimum": 0,
      "role": 6,
      "event": 22,
      "maximum": 0
    }
  },
  {
    "pk": 20,
    "model": "events.eventrole",
    "fields": {
      "is_hidden": false,
      "minimum": 0,
      "role": 6,
      "event": 23,
      "maximum": 0
    }
  },
  {
    "pk": 21,
    "model": "events.eventrole",
    "fields": {
      "is_hidden": false,
      "minimum": 0,
      "role": 6,
      "event": 24,
      "maximum": 0
    }
  },
  {
    "pk": 22,
    "model": "events.eventrole",
    "fields": {
      "is_hidden": false,
      "minimum": 0,
      "role": 6,
      "event": 25,
      "maximum": 0
    }
  },
  {
    "pk": 23,
    "model": "events.eventrole",
    "fields": {
      "is_hidden": false,
      "minimum": 0,
      "role": 6,
      "event": 26,
      "maximum": 0
    }
  },
  {
    "pk": 24,
    "model": "events.eventrole",
    "fields": {
      "is_hidden": false,
      "minimum": 0,
      "role": 6,
      "event": 27,
      "maximum": 0
    }
  },
  {
    "pk": 25,
    "model": "events.eventrole",
    "fields": {
      "is_hidden": false,
      "minimum": 0,
      "role": 6,
      "event": 28,
      "maximum": 0
    }
  },
  {
    "pk": 26,
    "model": "events.eventrole",
    "fields": {
      "is_hidden": false,
      "minimum": 0,
      "role": 6,
      "event": 30,
      "maximum": 0
    }
  },
  {
    "pk": 27,
    "model": "events.eventrole",
    "fields": {
      "is_hidden": false,
      "minimum": 0,
      "role": 6,
      "event": 31,
      "maximum": 0
    }
  },
  {
    "pk": 28,
    "model": "events.eventrole",
    "fields": {
      "is_hidden": false,
      "minimum": 0,
      "role": 6,
      "event": 33,
      "maximum": 0
    }
  },
  {
    "pk": 29,
    "model": "events.eventrole",
    "fields": {
      "is_hidden": false,
      "minimum": 0,
      "role": 6,
      "event": 34,
      "maximum": 0
    }
  },
  {
    "pk": 30,
    "model": "events.eventrole",
    "fields": {
      "is_hidden": false,
      "minimum": 0,
      "role": 6,
      "event": 35,
      "maximum": 0
    }
  },
  {
    "pk": 31,
    "model": "events.eventrole",
    "fields": {
      "is_hidden": false,
      "minimum": 0,
      "role": 3,
      "event": 37,
      "maximum": 0
    }
  },
  {
    "pk": 32,
    "model": "events.eventrole",
    "fields": {
      "is_hidden": false,
      "minimum": 0,
      "role": 6,
      "event": 37,
      "maximum": 0
    }
  },
  {
    "pk": 1,
    "model": "events.groupinvitation",
    "fields": {
      "event_role": 1,
      "group": 3
    }
  },
  {
    "pk": 2,
    "model": "events.groupinvitation",
    "fields": {
      "event_role": 2,
      "group": 22
    }
  },
  {
    "pk": 3,
    "model": "events.groupinvitation",
    "fields": {
      "event_role": 3,
      "group": 6
    }
  },
  {
    "pk": 4,
    "model": "events.groupinvitation",
    "fields": {
      "event_role": 4,
      "group": 3
    }
  },
  {
    "pk": 5,
    "model": "events.groupinvitation",
    "fields": {
      "event_role": 5,
      "group": 3
    }
  },
  {
    "pk": 6,
    "model": "events.groupinvitation",
    "fields": {
      "event_role": 6,
      "group": 19
    }
  },
  {
    "pk": 7,
    "model": "events.groupinvitation",
    "fields": {
      "event_role": 7,
      "group": 13
    }
  },
  {
    "pk": 8,
    "model": "events.groupinvitation",
    "fields": {
      "event_role": 8,
      "group": 14
    }
  },
  {
    "pk": 9,
    "model": "events.groupinvitation",
    "fields": {
      "event_role": 9,
      "group": 1
    }
  },
  {
    "pk": 10,
    "model": "events.groupinvitation",
    "fields": {
      "event_role": 10,
      "group": 7
    }
  },
  {
    "pk": 11,
    "model": "events.groupinvitation",
    "fields": {
      "event_role": 11,
      "group": 1
    }
  },
  {
    "pk": 12,
    "model": "events.groupinvitation",
    "fields": {
      "event_role": 12,
      "group": 11
    }
  },
  {
    "pk": 13,
    "model": "events.groupinvitation",
    "fields": {
      "event_role": 13,
      "group": 13
    }
  },
  {
    "pk": 14,
    "model": "events.groupinvitation",
    "fields": {
      "event_role": 14,
      "group": 9
    }
  },
  {
    "pk": 15,
    "model": "events.groupinvitation",
    "fields": {
      "event_role": 15,
      "group": 22
    }
  },
  {
    "pk": 16,
    "model": "events.groupinvitation",
    "fields": {
      "event_role": 16,
      "group": 9
    }
  },
  {
    "pk": 17,
    "model": "events.groupinvitation",
    "fields": {
      "event_role": 17,
      "group": 9
    }
  },
  {
    "pk": 18,
    "model": "events.groupinvitation",
    "fields": {
      "event_role": 18,
      "group": 22
    }
  },
  {
    "pk": 19,
    "model": "events.groupinvitation",
    "fields": {
      "event_role": 19,
      "group": 7
    }
  },
  {
    "pk": 20,
    "model": "events.groupinvitation",
    "fields": {
      "event_role": 20,
      "group": 4
    }
  },
  {
    "pk": 21,
    "model": "events.groupinvitation",
    "fields": {
      "event_role": 21,
      "group": 3
    }
  },
  {
    "pk": 22,
    "model": "events.groupinvitation",
    "fields": {
      "event_role": 22,
      "group": 11
    }
  },
  {
    "pk": 23,
    "model": "events.groupinvitation",
    "fields": {
      "event_role": 23,
      "group": 13
    }
  },
  {
    "pk": 24,
    "model": "events.groupinvitation",
    "fields": {
      "event_role": 24,
      "group": 5
    }
  },
  {
    "pk": 25,
    "model": "events.groupinvitation",
    "fields": {
      "event_role": 25,
      "group": 4
    }
  },
  {
    "pk": 26,
    "model": "events.groupinvitation",
    "fields": {
      "event_role": 26,
      "group": 4
    }
  },
  {
    "pk": 27,
    "model": "events.groupinvitation",
    "fields": {
      "event_role": 27,
      "group": 10
    }
  },
  {
    "pk": 28,
    "model": "events.groupinvitation",
    "fields": {
      "event_role": 28,
      "group": 1
    }
  },
  {
    "pk": 29,
    "model": "events.groupinvitation",
    "fields": {
      "event_role": 29,
      "group": 9
    }
  },
  {
    "pk": 30,
    "model": "events.groupinvitation",
    "fields": {
      "event_role": 30,
      "group": 7
    }
  },
  {
    "pk": 31,
    "model": "events.groupinvitation",
    "fields": {
      "event_role": 31,
      "group": 7
    }
  },
  {
    "pk": 32,
    "model": "events.groupinvitation",
    "fields": {
      "event_role": 32,
      "group": 22
    }
  }
]
