[
  {
    "pk": 4,
    "model": "contenttypes.contenttype",
    "fields": {
      "model": "contenttype",
      "name": "content type",
      "app_label": "contenttypes"
    }
  },
  {
    "pk": 14,
    "model": "contenttypes.contenttype",
    "fields": {
      "model": "email",
      "name": "email",
      "app_label": "members"
    }
  },
  {
    "pk": 17,
    "model": "contenttypes.contenttype",
    "fields": {
      "model": "event",
      "name": "event",
      "app_label": "events"
    }
  },
  {
    "pk": 18,
    "model": "contenttypes.contenttype",
    "fields": {
      "model": "eventrole",
      "name": "event role",
      "app_label": "events"
    }
  },
  {
    "pk": 16,
    "model": "contenttypes.contenttype",
    "fields": {
      "model": "eventtype",
      "name": "event type",
      "app_label": "events"
    }
  },
  {
    "pk": 12,
    "model": "contenttypes.contenttype",
    "fields": {
      "model": "evolution",
      "name": "evolution",
      "app_label": "django_evolution"
    }
  },
  {
    "pk": 2,
    "model": "contenttypes.contenttype",
    "fields": {
      "model": "group",
      "name": "group",
      "app_label": "auth"
    }
  },
  {
    "pk": 8,
    "model": "contenttypes.contenttype",
    "fields": {
      "model": "group",
      "name": "group",
      "app_label": "groups"
    }
  },
  {
    "pk": 19,
    "model": "contenttypes.contenttype",
    "fields": {
      "model": "groupinvitation",
      "name": "group invitation",
      "app_label": "events"
    }
  },
  {
    "pk": 6,
    "model": "contenttypes.contenttype",
    "fields": {
      "model": "logentry",
      "name": "log entry",
      "app_label": "admin"
    }
  },
  {
    "pk": 10,
    "model": "contenttypes.contenttype",
    "fields": {
      "model": "member",
      "name": "member",
      "app_label": "members"
    }
  },
  {
    "pk": 20,
    "model": "contenttypes.contenttype",
    "fields": {
      "model": "memberinvitation",
      "name": "member invitation",
      "app_label": "events"
    }
  },
  {
    "pk": 21,
    "model": "contenttypes.contenttype",
    "fields": {
      "model": "memberresponse",
      "name": "member response",
      "app_label": "events"
    }
  },
  {
    "pk": 9,
    "model": "contenttypes.contenttype",
    "fields": {
      "model": "membership",
      "name": "membership",
      "app_label": "groups"
    }
  },
  {
    "pk": 1,
    "model": "contenttypes.contenttype",
    "fields": {
      "model": "permission",
      "name": "permission",
      "app_label": "auth"
    }
  },
  {
    "pk": 13,
    "model": "contenttypes.contenttype",
    "fields": {
      "model": "phone",
      "name": "phone",
      "app_label": "members"
    }
  },
  {
    "pk": 15,
    "model": "contenttypes.contenttype",
    "fields": {
      "model": "role",
      "name": "role",
      "app_label": "events"
    }
  },
  {
    "pk": 5,
    "model": "contenttypes.contenttype",
    "fields": {
      "model": "session",
      "name": "session",
      "app_label": "sessions"
    }
  },
  {
    "pk": 3,
    "model": "contenttypes.contenttype",
    "fields": {
      "model": "user",
      "name": "user",
      "app_label": "auth"
    }
  },
  {
    "pk": 11,
    "model": "contenttypes.contenttype",
    "fields": {
      "model": "version",
      "name": "version",
      "app_label": "django_evolution"
    }
  },
  {
    "pk": "1bb32cda67e266dc46dfe89c010bb775",
    "model": "sessions.session",
    "fields": {
      "expire_date": "2012-06-07T15:59:24.747Z",
      "session_data": "YjEyZGMzNTE0YTliNmZhZmFhZGU0NTdkZTgyZmI4OTkyZTUyOWZkZDqAAn1xAShVEl9hdXRoX3Vz\nZXJfYmFja2VuZHECVSlkamFuZ28uY29udHJpYi5hdXRoLmJhY2tlbmRzLk1vZGVsQmFja2VuZHED\nVQ1fYXV0aF91c2VyX2lkcQRLAXUu\n"
    }
  },
  {
    "pk": "96fe363d0549ce447e9d33efc772b026",
    "model": "sessions.session",
    "fields": {
      "expire_date": "2012-06-13T01:31:41.188Z",
      "session_data": "MzM3Y2FkMTA3OGYwZDQxMWIxMGRjMjVhNWZhZWM5MmZlOTVkY2Y2ZTqAAn1xAShVEl9hdXRoX3Vz\nZXJfYmFja2VuZHECVSlkamFuZ28uY29udHJpYi5hdXRoLmJhY2tlbmRzLk1vZGVsQmFja2VuZHED\nVQ1fYXV0aF91c2VyX2lkcQRLAnUu\n"
    }
  },
  {
    "pk": "62589878af65c23060fba1f53781115e",
    "model": "sessions.session",
    "fields": {
      "expire_date": "2012-06-14T20:23:32.067Z",
      "session_data": "YjEyZGMzNTE0YTliNmZhZmFhZGU0NTdkZTgyZmI4OTkyZTUyOWZkZDqAAn1xAShVEl9hdXRoX3Vz\nZXJfYmFja2VuZHECVSlkamFuZ28uY29udHJpYi5hdXRoLmJhY2tlbmRzLk1vZGVsQmFja2VuZHED\nVQ1fYXV0aF91c2VyX2lkcQRLAXUu\n"
    }
  },
  {
    "pk": "667dda38c12358533f91245ac24436fd",
    "model": "sessions.session",
    "fields": {
      "expire_date": "2012-06-29T01:07:10.231Z",
      "session_data": "YjEyZGMzNTE0YTliNmZhZmFhZGU0NTdkZTgyZmI4OTkyZTUyOWZkZDqAAn1xAShVEl9hdXRoX3Vz\nZXJfYmFja2VuZHECVSlkamFuZ28uY29udHJpYi5hdXRoLmJhY2tlbmRzLk1vZGVsQmFja2VuZHED\nVQ1fYXV0aF91c2VyX2lkcQRLAXUu\n"
    }
  },
  {
    "pk": "b580ef053827a6c67bfc4de64c4e1d0d",
    "model": "sessions.session",
    "fields": {
      "expire_date": "2012-06-29T02:35:11.012Z",
      "session_data": "YjEyZGMzNTE0YTliNmZhZmFhZGU0NTdkZTgyZmI4OTkyZTUyOWZkZDqAAn1xAShVEl9hdXRoX3Vz\nZXJfYmFja2VuZHECVSlkamFuZ28uY29udHJpYi5hdXRoLmJhY2tlbmRzLk1vZGVsQmFja2VuZHED\nVQ1fYXV0aF91c2VyX2lkcQRLAXUu\n"
    }
  },
  {
    "pk": "30b43f95b61b6d6493907d25d73fdcd3",
    "model": "sessions.session",
    "fields": {
      "expire_date": "2012-09-05T14:37:22.335Z",
      "session_data": "YjEyZGMzNTE0YTliNmZhZmFhZGU0NTdkZTgyZmI4OTkyZTUyOWZkZDqAAn1xAShVEl9hdXRoX3Vz\nZXJfYmFja2VuZHECVSlkamFuZ28uY29udHJpYi5hdXRoLmJhY2tlbmRzLk1vZGVsQmFja2VuZHED\nVQ1fYXV0aF91c2VyX2lkcQRLAXUu\n"
    }
  },
  {
    "pk": "9bfeee8faf78ff6d3fd7ac45d1031420",
    "model": "sessions.session",
    "fields": {
      "expire_date": "2012-09-25T19:56:50.843Z",
      "session_data": "MDEyOTFmMGNjNDY2MTUwNGYxMGNjNmY1NGM2NmMwNzhjMTllODFhMzqAAn1xAVUKdGVzdGNvb2tp\nZVUGd29ya2VkcQJzLg==\n"
    }
  },
  {
    "pk": "97d0ececc58d1c14e93b54eb4691f013",
    "model": "sessions.session",
    "fields": {
      "expire_date": "2012-10-09T21:30:52.327Z",
      "session_data": "YjEyZGMzNTE0YTliNmZhZmFhZGU0NTdkZTgyZmI4OTkyZTUyOWZkZDqAAn1xAShVEl9hdXRoX3Vz\nZXJfYmFja2VuZHECVSlkamFuZ28uY29udHJpYi5hdXRoLmJhY2tlbmRzLk1vZGVsQmFja2VuZHED\nVQ1fYXV0aF91c2VyX2lkcQRLAXUu\n"
    }
  },
  {
    "pk": "cede6f610fd89b82e60982cf82c8971d",
    "model": "sessions.session",
    "fields": {
      "expire_date": "2012-11-26T11:23:07.922Z",
      "session_data": "YjEyZGMzNTE0YTliNmZhZmFhZGU0NTdkZTgyZmI4OTkyZTUyOWZkZDqAAn1xAShVEl9hdXRoX3Vz\nZXJfYmFja2VuZHECVSlkamFuZ28uY29udHJpYi5hdXRoLmJhY2tlbmRzLk1vZGVsQmFja2VuZHED\nVQ1fYXV0aF91c2VyX2lkcQRLAXUu\n"
    }
  },
  {
    "pk": "55c18abc0d85d9e8820655ffba4db8d3",
    "model": "sessions.session",
    "fields": {
      "expire_date": "2012-12-11T19:33:39.196Z",
      "session_data": "YjEyZGMzNTE0YTliNmZhZmFhZGU0NTdkZTgyZmI4OTkyZTUyOWZkZDqAAn1xAShVEl9hdXRoX3Vz\nZXJfYmFja2VuZHECVSlkamFuZ28uY29udHJpYi5hdXRoLmJhY2tlbmRzLk1vZGVsQmFja2VuZHED\nVQ1fYXV0aF91c2VyX2lkcQRLAXUu\n"
    }
  },
  {
    "pk": "79cdcc4d70c0fc67954c381117a62c8d",
    "model": "sessions.session",
    "fields": {
      "expire_date": "2013-02-08T01:05:39.624Z",
      "session_data": "YjEyZGMzNTE0YTliNmZhZmFhZGU0NTdkZTgyZmI4OTkyZTUyOWZkZDqAAn1xAShVEl9hdXRoX3Vz\nZXJfYmFja2VuZHECVSlkamFuZ28uY29udHJpYi5hdXRoLmJhY2tlbmRzLk1vZGVsQmFja2VuZHED\nVQ1fYXV0aF91c2VyX2lkcQRLAXUu\n"
    }
  },
  {
    "pk": "1e720a146ffaac70cfda5c74b156a427",
    "model": "sessions.session",
    "fields": {
      "expire_date": "2013-02-25T23:27:35.265Z",
      "session_data": "YjEyZGMzNTE0YTliNmZhZmFhZGU0NTdkZTgyZmI4OTkyZTUyOWZkZDqAAn1xAShVEl9hdXRoX3Vz\nZXJfYmFja2VuZHECVSlkamFuZ28uY29udHJpYi5hdXRoLmJhY2tlbmRzLk1vZGVsQmFja2VuZHED\nVQ1fYXV0aF91c2VyX2lkcQRLAXUu\n"
    }
  },
  {
    "pk": "045c24e25bd97ad0bc197717ef43d1ae",
    "model": "sessions.session",
    "fields": {
      "expire_date": "2013-04-14T11:14:35.785Z",
      "session_data": "YjEyZGMzNTE0YTliNmZhZmFhZGU0NTdkZTgyZmI4OTkyZTUyOWZkZDqAAn1xAShVEl9hdXRoX3Vz\nZXJfYmFja2VuZHECVSlkamFuZ28uY29udHJpYi5hdXRoLmJhY2tlbmRzLk1vZGVsQmFja2VuZHED\nVQ1fYXV0aF91c2VyX2lkcQRLAXUu\n"
    }
  },
  {
    "pk": "33c91aa08f4225663949d42591dde6dc",
    "model": "sessions.session",
    "fields": {
      "expire_date": "2013-04-22T12:29:57.548Z",
      "session_data": "YjEyZGMzNTE0YTliNmZhZmFhZGU0NTdkZTgyZmI4OTkyZTUyOWZkZDqAAn1xAShVEl9hdXRoX3Vz\nZXJfYmFja2VuZHECVSlkamFuZ28uY29udHJpYi5hdXRoLmJhY2tlbmRzLk1vZGVsQmFja2VuZHED\nVQ1fYXV0aF91c2VyX2lkcQRLAXUu\n"
    }
  },
  {
    "pk": "af62afca4899a747dcc2a8cee5853b07",
    "model": "sessions.session",
    "fields": {
      "expire_date": "2013-05-23T20:50:08.347Z",
      "session_data": "YjEyZGMzNTE0YTliNmZhZmFhZGU0NTdkZTgyZmI4OTkyZTUyOWZkZDqAAn1xAShVEl9hdXRoX3Vz\nZXJfYmFja2VuZHECVSlkamFuZ28uY29udHJpYi5hdXRoLmJhY2tlbmRzLk1vZGVsQmFja2VuZHED\nVQ1fYXV0aF91c2VyX2lkcQRLAXUu\n"
    }
  },
  {
    "pk": "7982b934c65a0ee2a737fbdd90bb1a01",
    "model": "sessions.session",
    "fields": {
      "expire_date": "2013-05-30T23:42:15.412Z",
      "session_data": "YjEyZGMzNTE0YTliNmZhZmFhZGU0NTdkZTgyZmI4OTkyZTUyOWZkZDqAAn1xAShVEl9hdXRoX3Vz\nZXJfYmFja2VuZHECVSlkamFuZ28uY29udHJpYi5hdXRoLmJhY2tlbmRzLk1vZGVsQmFja2VuZHED\nVQ1fYXV0aF91c2VyX2lkcQRLAXUu\n"
    }
  },
  {
    "pk": "c8317389015b08826f435c7cd409a7cf",
    "model": "sessions.session",
    "fields": {
      "expire_date": "2013-06-20T12:03:17.079Z",
      "session_data": "NmM3MjFiZjU5NTIzOTVjNWRmYzMwODRmMjRiZDVmOTVlZGQ4MDk3ZTqAAn1xAVUKdGVzdGNvb2tp\nZXECVQZ3b3JrZWRxA3Mu\n"
    }
  },
  {
    "pk": "4d02d15fb8a2d4869f176f03dcda36c8",
    "model": "sessions.session",
    "fields": {
      "expire_date": "2013-07-04T17:38:15.172Z",
      "session_data": "YjEyZGMzNTE0YTliNmZhZmFhZGU0NTdkZTgyZmI4OTkyZTUyOWZkZDqAAn1xAShVEl9hdXRoX3Vz\nZXJfYmFja2VuZHECVSlkamFuZ28uY29udHJpYi5hdXRoLmJhY2tlbmRzLk1vZGVsQmFja2VuZHED\nVQ1fYXV0aF91c2VyX2lkcQRLAXUu\n"
    }
  },
  {
    "pk": "f7135bedaafd8f52784a74d0872e61d9",
    "model": "sessions.session",
    "fields": {
      "expire_date": "2013-07-07T19:04:58.420Z",
      "session_data": "YjEyZGMzNTE0YTliNmZhZmFhZGU0NTdkZTgyZmI4OTkyZTUyOWZkZDqAAn1xAShVEl9hdXRoX3Vz\nZXJfYmFja2VuZHECVSlkamFuZ28uY29udHJpYi5hdXRoLmJhY2tlbmRzLk1vZGVsQmFja2VuZHED\nVQ1fYXV0aF91c2VyX2lkcQRLAXUu\n"
    }
  },
  {
    "pk": "8c948003949c7e0db2231196a012cc7f",
    "model": "sessions.session",
    "fields": {
      "expire_date": "2013-07-10T17:33:26.797Z",
      "session_data": "YjEyZGMzNTE0YTliNmZhZmFhZGU0NTdkZTgyZmI4OTkyZTUyOWZkZDqAAn1xAShVEl9hdXRoX3Vz\nZXJfYmFja2VuZHECVSlkamFuZ28uY29udHJpYi5hdXRoLmJhY2tlbmRzLk1vZGVsQmFja2VuZHED\nVQ1fYXV0aF91c2VyX2lkcQRLAXUu\n"
    }
  },
  {
    "pk": "1b89afc9822228ca8a1bf8846ef44af9",
    "model": "sessions.session",
    "fields": {
      "expire_date": "2013-07-21T05:58:04.320Z",
      "session_data": "YjEyZGMzNTE0YTliNmZhZmFhZGU0NTdkZTgyZmI4OTkyZTUyOWZkZDqAAn1xAShVEl9hdXRoX3Vz\nZXJfYmFja2VuZHECVSlkamFuZ28uY29udHJpYi5hdXRoLmJhY2tlbmRzLk1vZGVsQmFja2VuZHED\nVQ1fYXV0aF91c2VyX2lkcQRLAXUu\n"
    }
  },
  {
    "pk": "332d4ab4eb51c5ca6de524f1f6d3fb60",
    "model": "sessions.session",
    "fields": {
      "expire_date": "2013-08-01T15:04:14.570Z",
      "session_data": "YjEyZGMzNTE0YTliNmZhZmFhZGU0NTdkZTgyZmI4OTkyZTUyOWZkZDqAAn1xAShVEl9hdXRoX3Vz\nZXJfYmFja2VuZHECVSlkamFuZ28uY29udHJpYi5hdXRoLmJhY2tlbmRzLk1vZGVsQmFja2VuZHED\nVQ1fYXV0aF91c2VyX2lkcQRLAXUu\n"
    }
  },
  {
    "pk": "18b96b73638fccc6c3c942c83ca9d089",
    "model": "sessions.session",
    "fields": {
      "expire_date": "2013-08-09T02:26:24.546Z",
      "session_data": "YjEyZGMzNTE0YTliNmZhZmFhZGU0NTdkZTgyZmI4OTkyZTUyOWZkZDqAAn1xAShVEl9hdXRoX3Vz\nZXJfYmFja2VuZHECVSlkamFuZ28uY29udHJpYi5hdXRoLmJhY2tlbmRzLk1vZGVsQmFja2VuZHED\nVQ1fYXV0aF91c2VyX2lkcQRLAXUu\n"
    }
  },
  {
    "pk": "3dda440da4f28acb1d503e72cef4ba42",
    "model": "sessions.session",
    "fields": {
      "expire_date": "2013-08-19T21:26:26.134Z",
      "session_data": "YjEyZGMzNTE0YTliNmZhZmFhZGU0NTdkZTgyZmI4OTkyZTUyOWZkZDqAAn1xAShVEl9hdXRoX3Vz\nZXJfYmFja2VuZHECVSlkamFuZ28uY29udHJpYi5hdXRoLmJhY2tlbmRzLk1vZGVsQmFja2VuZHED\nVQ1fYXV0aF91c2VyX2lkcQRLAXUu\n"
    }
  },
  {
    "pk": 1,
    "model": "members.phone",
    "fields": {
      "member": 1,
      "is_primary": true,
      "number": 7734565
    }
  },
  {
    "pk": 2,
    "model": "members.phone",
    "fields": {
      "member": 5,
      "is_primary": true,
      "number": 3939393
    }
  },
  {
    "pk": 3,
    "model": "members.phone",
    "fields": {
      "member": 5,
      "is_primary": false,
      "number": 494949494
    }
  },
  {
    "pk": 4,
    "model": "members.phone",
    "fields": {
      "member": 6,
      "is_primary": true,
      "number": 1234567
    }
  },
  {
    "pk": 5,
    "model": "members.phone",
    "fields": {
      "member": 8,
      "is_primary": true,
      "number": 6932546
    }
  },
  {
    "pk": 1,
    "model": "members.email",
    "fields": {
      "member": 1,
      "is_primary": true,
      "address": "martin@swift.is"
    }
  },
  {
    "pk": 2,
    "model": "members.email",
    "fields": {
      "member": 1,
      "is_primary": false,
      "address": "martin.swift@gmail.com"
    }
  },
  {
    "pk": 3,
    "model": "members.email",
    "fields": {
      "member": 2,
      "is_primary": true,
      "address": "olijon@gmail.com"
    }
  },
  {
    "pk": 4,
    "model": "members.email",
    "fields": {
      "member": 6,
      "is_primary": true,
      "address": "stefanba@d\u00e6mi.is"
    }
  },
  {
    "pk": 5,
    "model": "members.email",
    "fields": {
      "member": 8,
      "is_primary": true,
      "address": "alli74@gmail.com"
    }
  },
  {
    "pk": 1,
    "model": "groups.group",
    "fields": {
      "description": "B\u00e6kist\u00f6\u00f0vah\u00f3pur mannar og rekur stj\u00f3rnst\u00f6\u00f0 HSSR \u00ed \u00fatk\u00f6llum. Stj\u00f3rnst\u00f6\u00f0in s\u00e9r um a\u00f0 taka saman SMS sv\u00f6run f\u00e9laga, setja saman h\u00f3pa og b\u00e6ta \u00feeim inn \u00ed verkefnagrunn Landsbjargar.",
      "slug": "baekistodvarhopur",
      "group_type": "UH",
      "title": "B\u00e6kist\u00f6\u00f0varh\u00f3pur"
    }
  },
  {
    "pk": 2,
    "model": "groups.group",
    "fields": {
      "description": "T\u00f6luvh\u00f3pur annast vi\u00f0hald t\u00f6lvukerfa HSSR. \u00dear \u00e1 me\u00f0al eru \u00fatst\u00f6\u00f0varnar \u00ed seta\u00f0st\u00f6\u00f0unni, t\u00f6lvurnar \u00ed b\u00edlunum og b\u00e6kist\u00f6\u00f0inni.",
      "slug": "tolvuhopur",
      "group_type": "AH",
      "title": "T\u00f6lvuh\u00f3pur"
    }
  },
  {
    "pk": 3,
    "model": "groups.group",
    "fields": {
      "description": "H\u00f3purinn s\u00e9r um rekstur og m\u00f6nnun b\u00edla HSSR \u00ed almennu starfi og \u00fatk\u00f6llum.\r\n\r\nVinnukv\u00f6ld h\u00f3psins eru \u00e1 m\u00e1nud\u00f6gum og m\u00e6ta menn oft \u00ed kringum sj\u00f6-leiti\u00f0.",
      "slug": "bilahopur",
      "group_type": "UH",
      "title": "B\u00edlah\u00f3pur"
    }
  },
  {
    "pk": 4,
    "model": "groups.group",
    "fields": {
      "description": "B\u00fa\u00f0ah\u00f3pur s\u00e9r um uppsetningu og rekstur b\u00fa\u00f0a \u00ed \u00fatk\u00f6llum.",
      "slug": "budahopur",
      "group_type": "UH",
      "title": "B\u00fa\u00f0ah\u00f3pur"
    }
  },
  {
    "pk": 5,
    "model": "groups.group",
    "fields": {
      "description": "F\u00e9lagar \u00e1 besta aldri. Har\u00f0duglegt fer\u00f0af\u00f3lk. Margir enn \u00e1 \u00fatkallsskr\u00e1.",
      "slug": "eftirbatar",
      "group_type": "FL",
      "title": "Eftirb\u00e1tar"
    }
  },
  {
    "pk": 6,
    "model": "groups.group",
    "fields": {
      "description": "L\u00e9ttsveitin er allra yndi...",
      "slug": "lettsveit",
      "group_type": "UH",
      "title": "L\u00e9ttsveit"
    }
  },
  {
    "pk": 7,
    "model": "groups.group",
    "fields": {
      "description": "Fjallah\u00f3pur s\u00e9rh\u00e6fir sig \u00ed fjallast\u00fassi.",
      "slug": "fjallahopur",
      "group_type": "UH",
      "title": "Fjallah\u00f3pur"
    }
  },
  {
    "pk": 8,
    "model": "groups.group",
    "fields": {
      "description": "Leitarhundar leita me\u00f0 hundum",
      "slug": "leitarhundar",
      "group_type": "UH",
      "title": "Leitarhundar"
    }
  },
  {
    "pk": 9,
    "model": "groups.group",
    "fields": {
      "description": "Leitarh\u00f3pur leitar a\u00f0 f\u00f3lki.",
      "slug": "leitarhopur",
      "group_type": "UH",
      "title": "Leitarh\u00f3pur"
    }
  },
  {
    "pk": 10,
    "model": "groups.group",
    "fields": {
      "description": "Sj\u00fakrah\u00f3pur \u00e6fir fyrstu hj\u00e1lp.\r\n\r\n\u00c6fingar og vinnukv\u00f6ld eru 2. og 4. fimmtudag \u00ed m\u00e1nu\u00f0i.",
      "slug": "sjukrahopur",
      "group_type": "UH",
      "title": "Sj\u00fakrah\u00f3pur"
    }
  },
  {
    "pk": 11,
    "model": "groups.group",
    "fields": {
      "description": "Sle\u00f0ah\u00f3purinn heldur vi\u00f0 og mannar v\u00e9lsle\u00f0a til notkunar \u00ed a\u00f0ger\u00f0um.",
      "slug": "sledahopur",
      "group_type": "UH",
      "title": "Sle\u00f0ah\u00f3pur"
    }
  },
  {
    "pk": 12,
    "model": "groups.group",
    "fields": {
      "description": "Snj\u00f3b\u00edlsh\u00f3purinn s\u00e9r um vi\u00f0hald og rekstur Bola og keyrir hann \u00ed \u00fatk\u00f6llum.",
      "slug": "snjobilshopur",
      "group_type": "UH",
      "title": "Snj\u00f3b\u00edlsh\u00f3pur"
    }
  },
  {
    "pk": 13,
    "model": "groups.group",
    "fields": {
      "description": "Stj\u00f3rn HSSR er stj\u00f3rn HSSR.",
      "slug": "stjorn",
      "group_type": "AH",
      "title": "Stj\u00f3rn"
    }
  },
  {
    "pk": 14,
    "model": "groups.group",
    "fields": {
      "description": "Undanfarar sinna s\u00e9rh\u00e6f\u00f0um fjallabj\u00f6rgunar\u00fatk\u00f6llum.",
      "slug": "undanfarar",
      "group_type": "UH",
      "title": "Undanfarar"
    }
  },
  {
    "pk": 15,
    "model": "groups.group",
    "fields": {
      "description": "V\u00e9lhj\u00f3lagengi\u00f0 er landsins s\u00ed\u00f0asta v\u00f6rn gegn erlendum bifhj\u00f3lagl\u00e6pagengjum.",
      "slug": "velhjolahopur",
      "group_type": "UH",
      "title": "V\u00e9lhj\u00f3lah\u00f3pur"
    }
  },
  {
    "pk": 16,
    "model": "groups.group",
    "fields": {
      "description": "\u00deri\u00f0ja bylgjan er h\u00f3pur reyndra f\u00e9laga sem starfa ekki dags daglega me\u00f0 \u00f6\u00f0rum h\u00f3pum en eru til taks ef til vi\u00f0ameiri a\u00f0ger\u00f0a kemur.",
      "slug": "thridja-bylgjan",
      "group_type": "UH",
      "title": "\u00deri\u00f0ja bylgjan"
    }
  },
  {
    "pk": 18,
    "model": "groups.group",
    "fields": {
      "description": "H\u00f3pur vaskra st\u00falkna og sveina stundar reglulega \u00fe\u00e1 \u00ed\u00fer\u00f3tt a\u00f0 sparka knetti s\u00edn \u00e1 milli.",
      "slug": "fotboltahopur",
      "group_type": "FL",
      "title": "F\u00f3tboltah\u00f3pur"
    }
  },
  {
    "pk": 19,
    "model": "groups.group",
    "fields": {
      "description": "Flugeldanefndin s\u00e9r um kaup og s\u00f6lu flugelda \u00e1 vegum HSSR.",
      "slug": "flugeldanefnd",
      "group_type": "AH",
      "title": "Flugeldanefnd"
    }
  },
  {
    "pk": 20,
    "model": "groups.group",
    "fields": {
      "description": "H\u00fasn\u00e6\u00f0isnefnd s\u00e9r um h\u00fasn\u00e6\u00f0i sveitarinnar a\u00f0 Malarh\u00f6f\u00f0a 6.",
      "slug": "husnaedisnefnd",
      "group_type": "AH",
      "title": "H\u00fasn\u00e6\u00f0isnefnd"
    }
  },
  {
    "pk": 21,
    "model": "groups.group",
    "fields": {
      "description": "Hengilsnefnd s\u00e9r um Hengilsverkefni\u00f0 sem HSSR hefur unni\u00f0 me\u00f0 Orkuveitu Reykjav\u00edkur undanfarin \u00e1r.",
      "slug": "hengilsnefnd",
      "group_type": "AH",
      "title": "Hengilsnefnd"
    }
  },
  {
    "pk": 22,
    "model": "groups.group",
    "fields": {
      "description": "\u00c1\u00f0ur en einstaklingur f\u00e6r a\u00f0 skrifa undir ei\u00f0staf HSSR og ganga inn \u00ed sveitina ver\u00f0ur hann a\u00f0 lj\u00faka \u00fej\u00e1lfun sem veitir honum grunnf\u00e6rni til a\u00f0 starfa sem bj\u00f6rgunarma\u00f0ur \u00ed nafni sveitarinnar.",
      "slug": "nylidar",
      "group_type": "AH",
      "title": "N\u00fdli\u00f0ar"
    }
  },
  {
    "pk": 23,
    "model": "groups.group",
    "fields": {
      "description": "Vinnuh\u00f3purinn er starfsh\u00f3pur sem sinnir fj\u00e1r\u00f6flunum.",
      "slug": "vinnuhopur",
      "group_type": "AH",
      "title": "Vinnuh\u00f3pur"
    }
  },
  {
    "pk": 1,
    "model": "groups.membership",
    "fields": {
      "member": 1,
      "group": 1,
      "is_leader": false,
      "date_joined": "2012-05-24"
    }
  },
  {
    "pk": 2,
    "model": "groups.membership",
    "fields": {
      "member": 2,
      "group": 1,
      "is_leader": false,
      "date_joined": "2012-05-24"
    }
  },
  {
    "pk": 3,
    "model": "groups.membership",
    "fields": {
      "member": 3,
      "group": 1,
      "is_leader": false,
      "date_joined": "2012-06-01"
    }
  },
  {
    "pk": 4,
    "model": "groups.membership",
    "fields": {
      "member": 4,
      "group": 1,
      "is_leader": false,
      "date_joined": "2012-06-01"
    }
  },
  {
    "pk": 5,
    "model": "groups.membership",
    "fields": {
      "member": 1,
      "group": 2,
      "is_leader": false,
      "date_joined": "2012-06-15"
    }
  },
  {
    "pk": 6,
    "model": "groups.membership",
    "fields": {
      "member": 2,
      "group": 2,
      "is_leader": false,
      "date_joined": "2012-06-15"
    }
  },
  {
    "pk": 7,
    "model": "groups.membership",
    "fields": {
      "member": 4,
      "group": 2,
      "is_leader": false,
      "date_joined": "2012-06-15"
    }
  },
  {
    "pk": 8,
    "model": "groups.membership",
    "fields": {
      "member": 8,
      "group": 7,
      "is_leader": false,
      "date_joined": "2013-02-24"
    }
  },
  {
    "pk": 9,
    "model": "groups.membership",
    "fields": {
      "member": 1,
      "group": 3,
      "is_leader": false,
      "date_joined": "2013-04-28"
    }
  },
  {
    "pk": 10,
    "model": "groups.membership",
    "fields": {
      "member": 8,
      "group": 22,
      "is_leader": false,
      "date_joined": "2013-05-03"
    }
  },
  {
    "pk": 11,
    "model": "groups.membership",
    "fields": {
      "member": 4,
      "group": 14,
      "is_leader": false,
      "date_joined": "2013-05-03"
    }
  },
  {
    "pk": 12,
    "model": "groups.membership",
    "fields": {
      "member": 9,
      "group": 2,
      "is_leader": true,
      "date_joined": "2013-07-25"
    }
  },
  {
    "pk": 13,
    "model": "groups.membership",
    "fields": {
      "member": 9,
      "group": 6,
      "is_leader": false,
      "date_joined": "2013-07-25"
    }
  },
  {
    "pk": 14,
    "model": "groups.membership",
    "fields": {
      "member": 9,
      "group": 3,
      "is_leader": false,
      "date_joined": "2013-07-25"
    }
  },
  {
    "pk": 1,
    "model": "events.role",
    "fields": {
      "title": "\u00c1byrg\u00f0arma\u00f0ur"
    }
  },
  {
    "pk": 2,
    "model": "events.role",
    "fields": {
      "title": "\u00d6kuma\u00f0ur"
    }
  },
  {
    "pk": 3,
    "model": "events.role",
    "fields": {
      "title": "Lei\u00f0beinandi"
    }
  },
  {
    "pk": 4,
    "model": "events.role",
    "fields": {
      "title": "\u00deolandi"
    }
  },
  {
    "pk": 5,
    "model": "events.role",
    "fields": {
      "title": "Bj\u00f6rgunarma\u00f0ur"
    }
  },
  {
    "pk": 6,
    "model": "events.role",
    "fields": {
      "title": "\u00de\u00e1tttakandi"
    }
  },
  {
    "pk": 1,
    "model": "events.eventtype",
    "fields": {
      "description": "",
      "title": "\u00c6fing"
    }
  },
  {
    "pk": 2,
    "model": "events.eventtype",
    "fields": {
      "description": "",
      "title": "Vinnukv\u00f6ld"
    }
  },
  {
    "pk": 3,
    "model": "events.eventtype",
    "fields": {
      "description": "",
      "title": "Skemmtun"
    }
  },
  {
    "pk": 4,
    "model": "events.eventtype",
    "fields": {
      "description": "",
      "title": "Fundur"
    }
  },
  {
    "pk": 5,
    "model": "events.eventtype",
    "fields": {
      "description": "",
      "title": "Fj\u00e1r\u00f6flun"
    }
  },
  {
    "pk": 6,
    "model": "events.eventtype",
    "fields": {
      "description": "",
      "title": "Fer\u00f0"
    }
  },
  {
    "pk": 7,
    "model": "events.eventtype",
    "fields": {
      "description": "",
      "title": "N\u00e1mskei\u00f0"
    }
  },
  {
    "pk": 8,
    "model": "events.eventtype",
    "fields": {
      "description": "S\u00e9rverkefni eru hj\u00e1lparsveitartengd verkefni l\u00edkt og H\u00e1lendisg\u00e6slan.",
      "title": "S\u00e9rverkefni"
    }
  },
  {
    "pk": 1,
    "model": "events.event",
    "fields": {
      "date_time_begin": "2012-05-25T15:37:59Z",
      "date_time_end": "2012-05-25T15:38:01Z",
      "description": "Glens",
      "event_type": 1,
      "title": "Opnunarh\u00e1t\u00f0i\u00f0"
    }
  },
  {
    "pk": 2,
    "model": "events.event",
    "fields": {
      "date_time_begin": "2012-05-25T15:34:09Z",
      "date_time_end": "2012-05-25T15:34:10Z",
      "description": "kdkd",
      "event_type": 1,
      "title": "Jibb\u00edk\u00f3la"
    }
  },
  {
    "pk": 3,
    "model": "events.event",
    "fields": {
      "date_time_begin": "2012-05-31T06:00:00Z",
      "date_time_end": "2012-05-31T12:00:00Z",
      "description": "N\u00fa ver\u00f0ur \u00e6ft a\u00f0 byggja stillasa",
      "event_type": 1,
      "title": "Stillasabygging"
    }
  },
  {
    "pk": 4,
    "model": "events.event",
    "fields": {
      "date_time_begin": "2012-06-15T02:43:46.331Z",
      "date_time_end": "2012-06-15T02:43:46.331Z",
      "description": "L\u00fdsingin",
      "event_type": 1,
      "title": "titillinn"
    }
  },
  {
    "pk": 5,
    "model": "events.event",
    "fields": {
      "date_time_begin": "2012-06-15T03:27:30.088Z",
      "date_time_end": "2012-06-15T03:27:30.088Z",
      "description": "L\u00fdsingin",
      "event_type": 1,
      "title": "annar titill"
    }
  },
  {
    "pk": 6,
    "model": "events.event",
    "fields": {
      "date_time_begin": "2012-06-15T03:28:06.221Z",
      "date_time_end": "2012-06-15T03:28:06.221Z",
      "description": "L\u00fdsingin",
      "event_type": 1,
      "title": "annar titill"
    }
  },
  {
    "pk": 7,
    "model": "events.event",
    "fields": {
      "date_time_begin": "2012-05-25T06:00:00Z",
      "date_time_end": "2012-05-31T15:34:10Z",
      "description": "bla",
      "event_type": 1,
      "title": "N\u00e6sti titill"
    }
  },
  {
    "pk": 8,
    "model": "events.event",
    "fields": {
      "date_time_begin": "2012-05-25T06:00:00Z",
      "date_time_end": "2012-05-31T15:34:10Z",
      "description": "\u00deetta er l\u00fdsing \u00e1 n\u00fdjum vi\u00f0bur\u00f0i.",
      "event_type": 1,
      "title": "Og s\u00e1 \u00feri\u00f0ji"
    }
  },
  {
    "pk": 9,
    "model": "events.event",
    "fields": {
      "date_time_begin": "2012-05-25T15:34:09Z",
      "date_time_end": "2012-05-31T15:38:01Z",
      "description": "N\u00fana \u00e6tti \u00feetta a\u00f0 birtast \u00e1 n\u00fdrri s\u00ed\u00f0u.",
      "event_type": 1,
      "title": "Daddara"
    }
  },
  {
    "pk": 10,
    "model": "events.event",
    "fields": {
      "date_time_begin": "2012-05-25T16:34:09Z",
      "date_time_end": "2012-05-31T16:38:01Z",
      "description": "N\u00fana \u00e6tti ekkert a\u00f0 gerast.",
      "event_type": 1,
      "title": "Prufud\u00f3tar\u00ed"
    }
  },
  {
    "pk": 11,
    "model": "events.event",
    "fields": {
      "date_time_begin": "2012-05-25T16:34:09Z",
      "date_time_end": "2012-05-31T16:38:01Z",
      "description": "N\u00fana \u00e6tti ekkert a\u00f0 gerast.",
      "event_type": 1,
      "title": "Prufud\u00f3tar\u00ed"
    }
  },
  {
    "pk": 12,
    "model": "events.event",
    "fields": {
      "date_time_begin": "2012-06-20T09:00:00Z",
      "date_time_end": "2012-06-22T17:00:00Z",
      "description": "\u00dea\u00f0 vill enginn vera \u00ed keppninni.",
      "event_type": 1,
      "title": "Uppf\u00e6rsla"
    }
  },
  {
    "pk": 13,
    "model": "events.event",
    "fields": {
      "date_time_begin": "2012-06-28T11:00:00Z",
      "date_time_end": "2012-06-29T00:00:00Z",
      "description": "J\u00e1, n\u00fa skal sauma!",
      "event_type": 1,
      "title": "B\u00fatasaumsh\u00f3pur: \u00c6fing"
    }
  },
  {
    "pk": 14,
    "model": "events.event",
    "fields": {
      "date_time_begin": "2012-06-18T18:00:00Z",
      "date_time_end": "2012-06-18T20:00:00Z",
      "description": "H\u00e9r \u00e6tlum vi\u00f0 a\u00f0 kynna kerfi\u00f0.",
      "event_type": 1,
      "title": "Kynning \u00e1 kerfinu"
    }
  },
  {
    "pk": 15,
    "model": "events.event",
    "fields": {
      "date_time_begin": "2013-02-07T01:22:22Z",
      "date_time_end": "2013-02-07T06:00:00Z",
      "description": "\u00deetta er n\u00e1mskei\u00f0.",
      "event_type": 4,
      "title": "N\u00e1mskei\u00f0"
    }
  },
  {
    "pk": 16,
    "model": "events.event",
    "fields": {
      "date_time_begin": "2014-03-06T01:55:11Z",
      "date_time_end": "2014-04-12T01:55:20Z",
      "description": "\u00deessi gerist \u00ed framt\u00ed\u00f0inni...",
      "event_type": 3,
      "title": "Framt\u00ed\u00f0arvi\u00f0bur\u00f0ur"
    }
  },
  {
    "pk": 17,
    "model": "events.event",
    "fields": {
      "date_time_begin": "2013-05-03T00:00:00Z",
      "date_time_end": "2013-05-05T23:28:09Z",
      "description": "Prufum \u00feetta",
      "event_type": 2,
      "title": "Hlutverkalaus vi\u00f0bur\u00f0ur"
    }
  },
  {
    "pk": 23,
    "model": "events.event",
    "fields": {
      "date_time_begin": "2013-08-27T09:00:00Z",
      "date_time_end": "2013-08-27T14:00:00Z",
      "description": "\u00deessi vi\u00f0bur\u00f0ur er til a\u00f0 s\u00fdna a\u00f0eins hvernig vi\u00f0bur\u00f0irnir l\u00edta \u00fat \u00ed TSAR. Vi\u00f0bur\u00f0urinn er af tegundinni \u201e\u00c6fing\u201c og \u00e1 hann eru nokkrir h\u00f3par bo\u00f0a\u00f0ir undir mismunandi hlutverkum.\nVi\u00f0bur\u00f0urinn er haldinn af B\u00e6kist\u00f6\u00f0varh\u00f3p en Gunnlaugur \u00e6tla\u00f0i l\u00edka a\u00f0 taka \u00e1byrg\u00f0 \u00e1 honum. Hann \u00fearf hins vegar l\u00edka einn me\u00f0 s\u00e9r \u00ed \u00fea\u00f0, hi\u00f0 minnsta. Lei\u00f0beinendur koma svo \u00far h\u00f3pi sj\u00fakrah\u00f3psmanna en \u00feolendur eru n\u00fdli\u00f0ar og sj\u00fakrah\u00f3psmenn sem ekki treysta s\u00e9r til a\u00f0 lei\u00f0beina en geta a\u00f0sto\u00f0a\u00f0 vi\u00f0 vi\u00f0bur\u00f0inn. Nokkra \u00f6kumenn \u00fearf og eru b\u00edlah\u00f3psmenn \u00fev\u00ed bo\u00f0a\u00f0ir \u00ed \u00fea\u00f0 hlutverk.\nSj\u00e1lfir bj\u00f6rgunarmennirnir koma svo \u00far Leitar-, Fjalla- og B\u00edlah\u00f3pum.",
      "event_type": 3,
      "title": "S\u00fdnivi\u00f0bur\u00f0ur"
    }
  },
  {
    "pk": 24,
    "model": "events.event",
    "fields": {
      "date_time_begin": "2013-03-16T07:00:00Z",
      "date_time_end": "2013-02-16T18:00:00Z",
      "description": "Verkleg kennsla \u00ed snj\u00f3ifl\u00f3\u00f0afr\u00e6\u00f0um \u00ed umsj\u00f3n leitarh\u00f3ps og l\u00edklega sle\u00f0ah\u00f3ps, haldi\u00f0 fyrir n\u00fdli\u00f0a 1.\n\nDagurinn \u00e1kve\u00f0inn en t\u00edmasetning g\u00e6ti hnikast til eftir \u00e1kv\u00f6r\u00f0un \u00feeirra sem sj\u00e1 um n\u00e1mskei\u00f0i\u00f0.\nV\u00e6ntanlega haldi\u00f0 \u00ed n\u00e1grenni Reykjav\u00edkur \u00fear sem snj\u00f3fl\u00ed\u00f0aa\u00f0st\u00e6\u00f0ur eru til sta\u00f0ar e\u00f0a h\u00e6gt a\u00f0 b\u00faa til.",
      "event_type": 3,
      "title": "Snj\u00f3fl\u00f3\u00f0an\u00e1mskei\u00f0, verklegi hluti"
    }
  },
  {
    "pk": 25,
    "model": "events.event",
    "fields": {
      "date_time_begin": "2013-03-17T19:00:00Z",
      "date_time_end": "2013-02-17T22:00:00Z",
      "description": "Hef\u00f0bundi\u00f0 vinnukv\u00f6ld b\u00edlah\u00f3ps.",
      "event_type": 3,
      "title": "B\u00edlah\u00f3pur, vinnukv\u00f6ld"
    }
  },
  {
    "pk": 26,
    "model": "events.event",
    "fields": {
      "date_time_begin": "2013-03-24T19:00:00Z",
      "date_time_end": "2013-02-24T22:00:00Z",
      "description": "Hef\u00f0bundi\u00f0 vinnukv\u00f6ld b\u00edlah\u00f3ps.",
      "event_type": 3,
      "title": "B\u00edlah\u00f3pur, vinnukv\u00f6ld"
    }
  },
  {
    "pk": 27,
    "model": "events.event",
    "fields": {
      "date_time_begin": "2013-03-20T18:00:00Z",
      "date_time_end": "2013-02-20T22:00:00Z",
      "description": "Sam\u00e6fing \u00ed bo\u00f0i HSSK. \u00deema\u00f0 er snj\u00f3fl\u00f3\u00f0.",
      "event_type": 3,
      "title": "Undanfarar, sam\u00e6fing"
    }
  },
  {
    "pk": 28,
    "model": "events.event",
    "fields": {
      "date_time_begin": "2013-03-21T18:00:00Z",
      "date_time_end": "2013-02-21T22:00:00Z",
      "description": "Hressandi \u00e6fing \u00ed umsj\u00f3n Ragga og Odds.",
      "event_type": 3,
      "title": "Fjallah\u00f3pur, \u00e6fing"
    }
  },
  {
    "pk": 29,
    "model": "events.event",
    "fields": {
      "date_time_begin": "2013-03-23T08:00:00Z",
      "date_time_end": "2013-02-23T18:00:00Z",
      "description": "Undanfarar stefna \u00e1 NA hrygg Skessuhorns \u00ed br\u00f6lt.",
      "event_type": 3,
      "title": "Undanfarar, dagsfer\u00f0"
    }
  },
  {
    "pk": 30,
    "model": "events.event",
    "fields": {
      "date_time_begin": "2013-02-26T11:00:00Z",
      "date_time_end": "2013-02-26T14:30:00Z",
      "description": "H\u00e9r er l\u00fdsing",
      "event_type": 3,
      "title": "\u00deetta er titillinn"
    }
  },
  {
    "pk": 31,
    "model": "events.event",
    "fields": {
      "date_time_begin": "2013-02-26T11:00:00Z",
      "date_time_end": "2013-02-26T14:30:00Z",
      "description": "H\u00e9r er l\u00fdsing",
      "event_type": 3,
      "title": "\u00deetta er titillinn 2"
    }
  },
  {
    "pk": 32,
    "model": "events.event",
    "fields": {
      "date_time_begin": "2013-02-26T00:00:00Z",
      "date_time_end": "2013-02-27T00:00:00Z",
      "description": "kdkd",
      "event_type": 3,
      "title": "Prufum \u00feetta"
    }
  },
  {
    "pk": 42,
    "model": "events.event",
    "fields": {
      "date_time_begin": "2013-02-26T00:00:00Z",
      "date_time_end": "2013-02-19T00:00:00Z",
      "description": "Ah, l\u00f6gum titilinn. \u00deennan, \u00fea\u00f0 er a\u00f0 segja.",
      "event_type": 1,
      "title": "Titill"
    }
  },
  {
    "pk": 43,
    "model": "events.event",
    "fields": {
      "date_time_begin": "2013-02-18T19:00:00Z",
      "date_time_end": "2013-02-18T22:00:00Z",
      "description": "\u00c6tlum a\u00f0 leika okkur.",
      "event_type": 1,
      "title": "B\u00edlah\u00f3pur, vinnukv\u00f6ld"
    }
  },
  {
    "pk": 44,
    "model": "events.event",
    "fields": {
      "date_time_begin": "2013-02-22T10:00:00Z",
      "date_time_end": "2013-02-23T05:00:00Z",
      "description": "\u00deetta er kynning",
      "event_type": 4,
      "title": "Kynning"
    }
  },
  {
    "pk": 45,
    "model": "events.event",
    "fields": {
      "date_time_begin": "2013-02-26T00:00:00Z",
      "date_time_end": "2013-02-27T00:00:00Z",
      "description": "kdkdk",
      "event_type": 1,
      "title": "Titill"
    }
  },
  {
    "pk": 56,
    "model": "events.event",
    "fields": {
      "date_time_begin": "2013-04-11T00:00:00Z",
      "date_time_end": "2013-04-16T00:00:00Z",
      "description": "N\u00fa prufum vi\u00f0 me\u00f0 breyttum fallan\u00f6fnum.",
      "event_type": 1,
      "title": "Titill"
    }
  },
  {
    "pk": 57,
    "model": "events.event",
    "fields": {
      "date_time_begin": "2013-04-17T10:00:00Z",
      "date_time_end": "2013-04-17T20:00:00Z",
      "description": "N\u00fa er b\u00fai\u00f0 a\u00f0 f\u00e6ra inn virkni sem \u00e1 a\u00f0 gera okkur kleift a\u00f0 b\u00faa til vi\u00f0bur\u00f0 me\u00f0 bo\u00f0u\u00f0um h\u00f3pum. Sj\u00e1um hvort \u00feetta virkar...",
      "event_type": 3,
      "title": "Prufum n\u00fdjan vi\u00f0bur\u00f0"
    }
  },
  {
    "pk": 58,
    "model": "events.event",
    "fields": {
      "date_time_begin": "2013-04-11T00:00:00Z",
      "date_time_end": "2013-04-16T00:00:00Z",
      "description": "... svo vi\u00f0 getum prufa\u00f0 tilkynningad\u00f3ti\u00f0.",
      "event_type": 1,
      "title": "H\u00f6fum titil til a\u00f0 \u00feetta komi r\u00e9tt"
    }
  },
  {
    "pk": 59,
    "model": "events.event",
    "fields": {
      "date_time_begin": "2013-04-09T00:00:00Z",
      "date_time_end": "2013-04-09T00:00:00Z",
      "description": "prufa",
      "event_type": 1,
      "title": "\u00d6nnur tilraun me\u00f0 alert-i\u00f0"
    }
  },
  {
    "pk": 60,
    "model": "events.event",
    "fields": {
      "date_time_begin": "2013-04-11T00:00:00Z",
      "date_time_end": "2013-04-25T00:00:00Z",
      "description": "Tilraun til a\u00f0 leika s\u00e9r \u00ed TSAR...",
      "event_type": 1,
      "title": "Daddara :-)"
    }
  },
  {
    "pk": 61,
    "model": "events.event",
    "fields": {
      "date_time_begin": "2013-04-10T00:00:00Z",
      "date_time_end": "2013-04-09T00:00:00Z",
      "description": "N\u00fa er loksins h\u00e6gt a\u00f0 bj\u00f3\u00f0a h\u00f3pum \u00e1 vi\u00f0bur\u00f0i \u00e1 tsar.swift.is. Enn er eftir a\u00f0 strauml\u00ednulaga \u00feetta ferli, uppf\u00e6ra minnsta og mesta fj\u00f6lda \u00ed hlutverkum og sl\u00edkt en \u00feetta er \u00e1g\u00e6tt skref.",
      "event_type": 3,
      "title": "Gle\u00f0i, gle\u00f0i! :-)"
    }
  },
  {
    "pk": 62,
    "model": "events.event",
    "fields": {
      "date_time_begin": "2013-04-09T00:00:00Z",
      "date_time_end": "2013-04-30T00:00:00Z",
      "description": "bla",
      "event_type": 1,
      "title": "Prufa fyrir f\u00e9lagabo\u00f0un"
    }
  },
  {
    "pk": 63,
    "model": "events.event",
    "fields": {
      "date_time_begin": "2013-04-26T00:00:00Z",
      "date_time_end": "2013-04-30T00:00:00Z",
      "description": "lslsls",
      "event_type": 1,
      "title": "Prufa fyrir f\u00e9lagabo\u00f0un"
    }
  },
  {
    "pk": 64,
    "model": "events.event",
    "fields": {
      "date_time_begin": "2013-04-19T00:00:00Z",
      "date_time_end": "2013-04-19T00:00:00Z",
      "description": "N\u00fa skal breyta fj\u00f6lda sem \u00f3ska\u00f0 er eftir.",
      "event_type": 3,
      "title": "Fj\u00f6ldabreyting"
    }
  },
  {
    "pk": 65,
    "model": "events.event",
    "fields": {
      "date_time_begin": "2013-04-19T00:00:00Z",
      "date_time_end": "2013-04-19T00:00:00Z",
      "description": "",
      "event_type": 1,
      "title": "ldldl"
    }
  },
  {
    "pk": 66,
    "model": "events.event",
    "fields": {
      "date_time_begin": "2013-04-09T00:00:00Z",
      "date_time_end": "2013-04-18T00:00:00Z",
      "description": "\u00deetta er til a\u00f0 sj\u00e1 hvort hlutverk s\u00e9u ekki \u00f6rugglega tekin \u00ed burtu.",
      "event_type": 1,
      "title": "Debug vi\u00f0bur\u00f0ur"
    }
  },
  {
    "pk": 67,
    "model": "events.event",
    "fields": {
      "date_time_begin": "2013-06-12T00:00:00Z",
      "date_time_end": "2013-06-12T00:00:00Z",
      "description": "N\u00fa \u00e6tti \u00feetta a\u00f0 vera komi\u00f0.",
      "event_type": 2,
      "title": "Prufa vi\u00f0bur\u00f0"
    }
  },
  {
    "pk": 68,
    "model": "events.event",
    "fields": {
      "date_time_begin": "2013-05-31T19:00:00Z",
      "date_time_end": "2013-06-08T19:00:00Z",
      "description": "Vinnufer\u00f0-Vorfer\u00f0 J\u00d6RF\u00cd \u00e1 Vatnaj\u00f6kul.",
      "event_type": 5,
      "title": "Vorfer\u00f0 J\u00d6RF\u00cd"
    }
  },
  {
    "pk": 69,
    "model": "events.event",
    "fields": {
      "date_time_begin": "2013-05-29T18:00:00Z",
      "date_time_end": "2013-05-29T22:00:00Z",
      "description": "Kv\u00f6ldn\u00e1mskei\u00f0 (tv\u00f6 kv\u00f6ld) fyrir n\u00fdli\u00f0a 1 \u00ed klettaklifri og bergtryggingum \u00ed umsj\u00f3n undanfara.",
      "event_type": 7,
      "title": "Klettaklifur og bergtryggingar "
    }
  },
  {
    "pk": 70,
    "model": "events.event",
    "fields": {
      "date_time_begin": "2013-05-28T18:00:00Z",
      "date_time_end": "2013-05-28T22:00:00Z",
      "description": "Kv\u00f6ldn\u00e1mskei\u00f0 (tv\u00f6 kv\u00f6ld) fyrir n\u00fdli\u00f0a 1 \u00ed klettaklifri og bergtryggingum \u00ed umsj\u00f3n undanfara.",
      "event_type": 7,
      "title": "Klettaklifur og bergtryggingar "
    }
  },
  {
    "pk": 71,
    "model": "events.event",
    "fields": {
      "date_time_begin": "2013-05-28T18:00:00Z",
      "date_time_end": "2013-05-28T20:00:00Z",
      "description": "",
      "event_type": 4,
      "title": "Stj\u00f3rnarfundur"
    }
  },
  {
    "pk": 72,
    "model": "events.event",
    "fields": {
      "date_time_begin": "2013-05-23T18:00:00Z",
      "date_time_end": "2013-05-23T19:30:00Z",
      "description": "Kynning \u00e1 st\u00f6rfum okkar \u00e1 Laugardalsvelli.\r\nFari\u00f0 me\u00f0 n\u00fdli\u00f0um yfir helstu verkefni og hvers er v\u00e6nst a\u00f0 okkur \u00e1 vellinum.",
      "event_type": 7,
      "title": "Kynning \u00e1 f\u00f3tboltag\u00e6slu"
    }
  },
  {
    "pk": 73,
    "model": "events.event",
    "fields": {
      "date_time_begin": "2013-05-22T18:00:00Z",
      "date_time_end": "2013-05-22T22:00:00Z",
      "description": "\u00c6fing \u00ed bo\u00f0i SM/\u00de\u00d6F",
      "event_type": 1,
      "title": "A\u00f0koma a\u00f0 leitarsv\u00e6\u00f0i og b\u00edl"
    }
  },
  {
    "pk": 74,
    "model": "events.event",
    "fields": {
      "date_time_begin": "2013-05-16T18:30:00Z",
      "date_time_end": "2013-05-20T22:00:00Z",
      "description": "\u00c1rleg Vatnaj\u00f6kulsvorfer\u00f0.\r\nFrekari uppl\u00fdsingar og opna\u00f0 fyrir skr\u00e1ningu s\u00ed\u00f0ar.\r\n\r\nLambi ver\u00f0ur lei\u00f0angursstj\u00f3ri.\r\nN\u00e1nari t\u00edmasetning brottfarar og heimkomu tilkynnt s\u00ed\u00f0ar en gert er r\u00e1\u00f0 fyrir a\u00f0 fari\u00f0 ver\u00f0i \u00e1 fimmtudegi og komi\u00f0 heim \u00e1 m\u00e1nudegi. Boli og jeppar v\u00e6ntanlega me\u00f0 \u00ed f\u00f6r.",
      "event_type": 6,
      "title": "Vatnaj\u00f6kulsvorfer\u00f0"
    }
  },
  {
    "pk": 75,
    "model": "events.event",
    "fields": {
      "date_time_begin": "2013-05-15T18:00:00Z",
      "date_time_end": "2013-05-15T22:00:00Z",
      "description": "Sam\u00e6fing \u00ed bo\u00f0i HSG. \u00deetta skipti\u00f0 ver\u00f0ur fari\u00f0 \u00ed Helgafelli\u00f0 a\u00f0 mixa fjallabj\u00f6rgun.",
      "event_type": 1,
      "title": "Undanfarar, sam\u00e6fing"
    }
  },
  {
    "pk": 76,
    "model": "events.event",
    "fields": {
      "date_time_begin": "2013-06-01T14:30:00Z",
      "date_time_end": "2013-06-01T09:00:00Z",
      "description": "A Kvenna. \u00cdsland Skotland.\r\n\r\nLeikur hefst 16. 45",
      "event_type": 5,
      "title": "F\u00f3tboltag\u00e6sla: A kvenna: \u00cdsland-Skotland"
    }
  },
  {
    "pk": 77,
    "model": "events.event",
    "fields": {
      "date_time_begin": "2013-06-07T16:30:00Z",
      "date_time_end": "2013-06-07T21:30:00Z",
      "description": "St\u00f3r g\u00e6sla, unni\u00f0 me\u00f0 HSG. Vi\u00f0 \u00feurfum a\u00f0 amk 40 manns \u00ed \u00feessa g\u00e6slu.",
      "event_type": 1,
      "title": "F\u00f3tboltag\u00e6sla: A karla: \u00cdsland-Sl\u00f3ven\u00eda"
    }
  },
  {
    "pk": 78,
    "model": "events.event",
    "fields": {
      "date_time_begin": "2013-09-13T17:00:00Z",
      "date_time_end": "2013-09-15T17:00:00Z",
      "description": "",
      "event_type": 7,
      "title": "Fer\u00f0amennska og r\u00f6tun "
    }
  },
  {
    "pk": 79,
    "model": "events.event",
    "fields": {
      "date_time_begin": "2013-09-13T17:00:00Z",
      "date_time_end": "2013-09-15T17:00:00Z",
      "description": "",
      "event_type": 7,
      "title": "Leitart\u00e6kni"
    }
  },
  {
    "pk": 80,
    "model": "events.event",
    "fields": {
      "date_time_begin": "2013-10-11T17:00:00Z",
      "date_time_end": "2013-10-11T21:00:00Z",
      "description": "",
      "event_type": 5,
      "title": "F\u00f3tboltag\u00e6sla"
    }
  },
  {
    "pk": 81,
    "model": "events.event",
    "fields": {
      "date_time_begin": "2013-09-10T17:00:00Z",
      "date_time_end": "2013-09-10T21:00:00Z",
      "description": "",
      "event_type": 5,
      "title": "F\u00f3tboltag\u00e6sla"
    }
  },
  {
    "pk": 82,
    "model": "events.event",
    "fields": {
      "date_time_begin": "2013-08-24T15:00:00Z",
      "date_time_end": "2013-08-24T20:00:00Z",
      "description": "",
      "event_type": 5,
      "title": "F\u00f3tboltag\u00e6sla"
    }
  },
  {
    "pk": 83,
    "model": "events.event",
    "fields": {
      "date_time_begin": "2013-08-17T15:00:00Z",
      "date_time_end": "2013-08-17T20:00:00Z",
      "description": "",
      "event_type": 5,
      "title": "F\u00f3tboltag\u00e6sla"
    }
  },
  {
    "pk": 84,
    "model": "events.event",
    "fields": {
      "date_time_begin": "2013-08-14T17:00:00Z",
      "date_time_end": "2013-08-14T21:00:00Z",
      "description": "",
      "event_type": 5,
      "title": "F\u00f3tboltag\u00e6sla"
    }
  },
  {
    "pk": 85,
    "model": "events.event",
    "fields": {
      "date_time_begin": "2013-05-13T20:00:00Z",
      "date_time_end": "2013-05-13T21:30:00Z",
      "description": "Efni fundarins:\r\n* Fara yfir fundarger\u00f0 seinusta fundar. (H\u00fan kemur flj\u00f3tlega :P )\r\n* Sko\u00f0a betur \u00e1r tv\u00f6 af n\u00fdli\u00f0apr\u00f3grammi, \u00fe.e. valn\u00e1mskei\u00f0in.\r\n* Fara yfir heildar\u00fatlit n\u00fdli\u00f0apr\u00f3grammsins og sam\u00feykkja \u00fea\u00f0 m\u00f6gulega.",
      "event_type": 4,
      "title": "N\u00fdli\u00f0ateymisfundur"
    }
  },
  {
    "pk": 86,
    "model": "events.event",
    "fields": {
      "date_time_begin": "2013-07-07T12:00:00Z",
      "date_time_end": "2013-07-07T16:00:00Z",
      "description": "",
      "event_type": 2,
      "title": "Vi\u00f0bur\u00f0urinn minn"
    }
  },
  {
    "pk": 87,
    "model": "events.event",
    "fields": {
      "date_time_begin": "2013-07-26T14:00:00Z",
      "date_time_end": "2013-07-27T04:00:00Z",
      "description": "Shhh ... \u00feetta er surpr\u00e6s.",
      "event_type": 3,
      "title": "Afm\u00e6li Andr\u00e9sar"
    }
  },
  {
    "pk": 88,
    "model": "events.event",
    "fields": {
      "date_time_begin": "2013-04-08T00:00:00Z",
      "date_time_end": "2013-04-08T00:00:00Z",
      "description": "",
      "event_type": 8,
      "title": "H\u00e1lendisg\u00e6sla nor\u00f0an Vatnaj\u00f6kuls"
    }
  },
  {
    "pk": 89,
    "model": "events.event",
    "fields": {
      "date_time_begin": "2013-07-28T12:00:00Z",
      "date_time_end": "2013-08-04T20:00:00Z",
      "description": "",
      "event_type": 8,
      "title": "H\u00e1lendisg\u00e6sla nor\u00f0an Vatnaj\u00f6kuls"
    }
  },
  {
    "pk": 90,
    "model": "events.event",
    "fields": {
      "date_time_begin": "2013-08-04T00:00:00Z",
      "date_time_end": "2013-08-11T00:00:00Z",
      "description": "Tveir h\u00f3par ver\u00f0a a\u00f0 Fjallabaki \u00e1 sama t\u00edma, h\u00f3par A og B.",
      "event_type": 8,
      "title": "H\u00e1lendisg\u00e6sla a\u00f0 Fjallabaki (h\u00f3pur A)"
    }
  },
  {
    "pk": 91,
    "model": "events.event",
    "fields": {
      "date_time_begin": "2013-08-04T07:00:00Z",
      "date_time_end": "2013-08-11T20:00:00Z",
      "description": "Tveir h\u00f3par ver\u00f0a a\u00f0 Fjallabaki \u00e1 sama t\u00edma, h\u00f3par A og B.",
      "event_type": 8,
      "title": "H\u00e1lendisg\u00e6sla a\u00f0 Fjallabaki (h\u00f3pur B)"
    }
  },
  {
    "pk": 92,
    "model": "events.event",
    "fields": {
      "date_time_begin": "2013-07-24T18:00:00Z",
      "date_time_end": "2013-07-24T21:00:00Z",
      "description": "...",
      "event_type": 4,
      "title": "Fundur um TSAR"
    }
  },
  {
    "pk": 93,
    "model": "events.event",
    "fields": {
      "date_time_begin": "2013-07-24T21:30:00Z",
      "date_time_end": "2013-07-24T22:30:00Z",
      "description": "\u00deetta er svaka gaman .",
      "event_type": 2,
      "title": "Heims\u00f3kn Gar\u00f0b\u00e6inganna"
    }
  },
  {
    "pk": 94,
    "model": "events.event",
    "fields": {
      "date_time_begin": "2013-07-26T13:00:00Z",
      "date_time_end": "2013-07-26T15:00:00Z",
      "description": "Prufa til a\u00f0 sj\u00e1 hvort \u201eattending elsewhere\u201c b\u00f6ggurinn er kominn \u00ed lag.",
      "event_type": 5,
      "title": "Bug-fix prufa"
    }
  },
  {
    "pk": 95,
    "model": "events.event",
    "fields": {
      "date_time_begin": "2013-07-25T00:00:00Z",
      "date_time_end": "2013-07-25T02:00:00Z",
      "description": "Test",
      "event_type": 1,
      "title": "Bug-fix prufa II"
    }
  },
  {
    "pk": 96,
    "model": "events.event",
    "fields": {
      "date_time_begin": "2013-09-19T15:00:00Z",
      "date_time_end": "2013-09-19T19:00:00Z",
      "description": "\u00deetta ver\u00f0ur ossom!!!",
      "event_type": 7,
      "title": "Fyrsta hj\u00e1p 2"
    }
  },
  {
    "pk": 1,
    "model": "events.eventrole",
    "fields": {
      "is_hidden": false,
      "minimum": 0,
      "role": 1,
      "event": 1,
      "maximum": 0
    }
  },
  {
    "pk": 2,
    "model": "events.eventrole",
    "fields": {
      "is_hidden": false,
      "minimum": 2,
      "role": 2,
      "event": 1,
      "maximum": 0
    }
  },
  {
    "pk": 3,
    "model": "events.eventrole",
    "fields": {
      "is_hidden": false,
      "minimum": 0,
      "role": 1,
      "event": 2,
      "maximum": 0
    }
  },
  {
    "pk": 4,
    "model": "events.eventrole",
    "fields": {
      "is_hidden": false,
      "minimum": 2,
      "role": 2,
      "event": 2,
      "maximum": 0
    }
  },
  {
    "pk": 5,
    "model": "events.eventrole",
    "fields": {
      "is_hidden": false,
      "minimum": 2,
      "role": 1,
      "event": 3,
      "maximum": 0
    }
  },
  {
    "pk": 6,
    "model": "events.eventrole",
    "fields": {
      "is_hidden": false,
      "minimum": 0,
      "role": 2,
      "event": 3,
      "maximum": 8
    }
  },
  {
    "pk": 7,
    "model": "events.eventrole",
    "fields": {
      "is_hidden": false,
      "minimum": 0,
      "role": 1,
      "event": 14,
      "maximum": 0
    }
  },
  {
    "pk": 8,
    "model": "events.eventrole",
    "fields": {
      "is_hidden": false,
      "minimum": 3,
      "role": 3,
      "event": 14,
      "maximum": 0
    }
  },
  {
    "pk": 9,
    "model": "events.eventrole",
    "fields": {
      "is_hidden": false,
      "minimum": 0,
      "role": 5,
      "event": 14,
      "maximum": 18
    }
  },
  {
    "pk": 11,
    "model": "events.eventrole",
    "fields": {
      "is_hidden": false,
      "minimum": 0,
      "role": 5,
      "event": 15,
      "maximum": 22
    }
  },
  {
    "pk": 12,
    "model": "events.eventrole",
    "fields": {
      "is_hidden": false,
      "minimum": 0,
      "role": 3,
      "event": 15,
      "maximum": 0
    }
  },
  {
    "pk": 13,
    "model": "events.eventrole",
    "fields": {
      "is_hidden": false,
      "minimum": 0,
      "role": 1,
      "event": 16,
      "maximum": 0
    }
  },
  {
    "pk": 14,
    "model": "events.eventrole",
    "fields": {
      "is_hidden": false,
      "minimum": 2,
      "role": 1,
      "event": 23,
      "maximum": 0
    }
  },
  {
    "pk": 15,
    "model": "events.eventrole",
    "fields": {
      "is_hidden": false,
      "minimum": 2,
      "role": 2,
      "event": 23,
      "maximum": 0
    }
  },
  {
    "pk": 16,
    "model": "events.eventrole",
    "fields": {
      "is_hidden": false,
      "minimum": 5,
      "role": 3,
      "event": 23,
      "maximum": 0
    }
  },
  {
    "pk": 17,
    "model": "events.eventrole",
    "fields": {
      "is_hidden": false,
      "minimum": 7,
      "role": 4,
      "event": 23,
      "maximum": 0
    }
  },
  {
    "pk": 18,
    "model": "events.eventrole",
    "fields": {
      "is_hidden": false,
      "minimum": 0,
      "role": 5,
      "event": 23,
      "maximum": 29
    }
  },
  {
    "pk": 19,
    "model": "events.eventrole",
    "fields": {
      "is_hidden": false,
      "minimum": 0,
      "role": 3,
      "event": 24,
      "maximum": 0
    }
  },
  {
    "pk": 20,
    "model": "events.eventrole",
    "fields": {
      "is_hidden": false,
      "minimum": 0,
      "role": 5,
      "event": 24,
      "maximum": 0
    }
  },
  {
    "pk": 21,
    "model": "events.eventrole",
    "fields": {
      "is_hidden": false,
      "minimum": 0,
      "role": 5,
      "event": 25,
      "maximum": 0
    }
  },
  {
    "pk": 22,
    "model": "events.eventrole",
    "fields": {
      "is_hidden": false,
      "minimum": 0,
      "role": 5,
      "event": 26,
      "maximum": 0
    }
  },
  {
    "pk": 23,
    "model": "events.eventrole",
    "fields": {
      "is_hidden": false,
      "minimum": 0,
      "role": 5,
      "event": 27,
      "maximum": 0
    }
  },
  {
    "pk": 24,
    "model": "events.eventrole",
    "fields": {
      "is_hidden": false,
      "minimum": 0,
      "role": 5,
      "event": 28,
      "maximum": 0
    }
  },
  {
    "pk": 25,
    "model": "events.eventrole",
    "fields": {
      "is_hidden": false,
      "minimum": 0,
      "role": 5,
      "event": 29,
      "maximum": 0
    }
  },
  {
    "pk": 26,
    "model": "events.eventrole",
    "fields": {
      "is_hidden": false,
      "minimum": 0,
      "role": 6,
      "event": 43,
      "maximum": 0
    }
  },
  {
    "pk": 27,
    "model": "events.eventrole",
    "fields": {
      "is_hidden": false,
      "minimum": 2,
      "role": 1,
      "event": 43,
      "maximum": 0
    }
  },
  {
    "pk": 28,
    "model": "events.eventrole",
    "fields": {
      "is_hidden": false,
      "minimum": 0,
      "role": 2,
      "event": 56,
      "maximum": 0
    }
  },
  {
    "pk": 29,
    "model": "events.eventrole",
    "fields": {
      "is_hidden": false,
      "minimum": 0,
      "role": 6,
      "event": 56,
      "maximum": 0
    }
  },
  {
    "pk": 31,
    "model": "events.eventrole",
    "fields": {
      "is_hidden": false,
      "minimum": 0,
      "role": 1,
      "event": 57,
      "maximum": 0
    }
  },
  {
    "pk": 32,
    "model": "events.eventrole",
    "fields": {
      "is_hidden": false,
      "minimum": 0,
      "role": 6,
      "event": 57,
      "maximum": 0
    }
  },
  {
    "pk": 33,
    "model": "events.eventrole",
    "fields": {
      "is_hidden": false,
      "minimum": 0,
      "role": 1,
      "event": 58,
      "maximum": 0
    }
  },
  {
    "pk": 34,
    "model": "events.eventrole",
    "fields": {
      "is_hidden": false,
      "minimum": 2,
      "role": 1,
      "event": 60,
      "maximum": 0
    }
  },
  {
    "pk": 35,
    "model": "events.eventrole",
    "fields": {
      "is_hidden": false,
      "minimum": 0,
      "role": 2,
      "event": 60,
      "maximum": 0
    }
  },
  {
    "pk": 36,
    "model": "events.eventrole",
    "fields": {
      "is_hidden": false,
      "minimum": 0,
      "role": 6,
      "event": 60,
      "maximum": 0
    }
  },
  {
    "pk": 37,
    "model": "events.eventrole",
    "fields": {
      "is_hidden": false,
      "minimum": 0,
      "role": 1,
      "event": 61,
      "maximum": 0
    }
  },
  {
    "pk": 38,
    "model": "events.eventrole",
    "fields": {
      "is_hidden": false,
      "minimum": 0,
      "role": 2,
      "event": 61,
      "maximum": 0
    }
  },
  {
    "pk": 39,
    "model": "events.eventrole",
    "fields": {
      "is_hidden": false,
      "minimum": 0,
      "role": 1,
      "event": 62,
      "maximum": 0
    }
  },
  {
    "pk": 40,
    "model": "events.eventrole",
    "fields": {
      "is_hidden": false,
      "minimum": 0,
      "role": 1,
      "event": 63,
      "maximum": 0
    }
  },
  {
    "pk": 41,
    "model": "events.eventrole",
    "fields": {
      "is_hidden": false,
      "minimum": 0,
      "role": 4,
      "event": 63,
      "maximum": 0
    }
  },
  {
    "pk": 42,
    "model": "events.eventrole",
    "fields": {
      "is_hidden": false,
      "minimum": 3,
      "role": 1,
      "event": 64,
      "maximum": 9
    }
  },
  {
    "pk": 43,
    "model": "events.eventrole",
    "fields": {
      "is_hidden": false,
      "minimum": 5,
      "role": 2,
      "event": 65,
      "maximum": 8
    }
  },
  {
    "pk": 44,
    "model": "events.eventrole",
    "fields": {
      "is_hidden": false,
      "minimum": 0,
      "role": 2,
      "event": 66,
      "maximum": 0
    }
  },
  {
    "pk": 45,
    "model": "events.eventrole",
    "fields": {
      "is_hidden": false,
      "minimum": 0,
      "role": 6,
      "event": 66,
      "maximum": 0
    }
  },
  {
    "pk": 46,
    "model": "events.eventrole",
    "fields": {
      "is_hidden": false,
      "minimum": 0,
      "role": 6,
      "event": 67,
      "maximum": 0
    }
  },
  {
    "pk": 47,
    "model": "events.eventrole",
    "fields": {
      "is_hidden": false,
      "minimum": 0,
      "role": 6,
      "event": 68,
      "maximum": 0
    }
  },
  {
    "pk": 48,
    "model": "events.eventrole",
    "fields": {
      "is_hidden": false,
      "minimum": 0,
      "role": 3,
      "event": 69,
      "maximum": 0
    }
  },
  {
    "pk": 49,
    "model": "events.eventrole",
    "fields": {
      "is_hidden": false,
      "minimum": 0,
      "role": 6,
      "event": 69,
      "maximum": 0
    }
  },
  {
    "pk": 50,
    "model": "events.eventrole",
    "fields": {
      "is_hidden": false,
      "minimum": 0,
      "role": 3,
      "event": 70,
      "maximum": 0
    }
  },
  {
    "pk": 51,
    "model": "events.eventrole",
    "fields": {
      "is_hidden": false,
      "minimum": 0,
      "role": 6,
      "event": 70,
      "maximum": 0
    }
  },
  {
    "pk": 52,
    "model": "events.eventrole",
    "fields": {
      "is_hidden": false,
      "minimum": 0,
      "role": 6,
      "event": 71,
      "maximum": 0
    }
  },
  {
    "pk": 53,
    "model": "events.eventrole",
    "fields": {
      "is_hidden": false,
      "minimum": 0,
      "role": 1,
      "event": 72,
      "maximum": 0
    }
  },
  {
    "pk": 54,
    "model": "events.eventrole",
    "fields": {
      "is_hidden": false,
      "minimum": 0,
      "role": 6,
      "event": 72,
      "maximum": 0
    }
  },
  {
    "pk": 55,
    "model": "events.eventrole",
    "fields": {
      "is_hidden": false,
      "minimum": 0,
      "role": 6,
      "event": 73,
      "maximum": 0
    }
  },
  {
    "pk": 56,
    "model": "events.eventrole",
    "fields": {
      "is_hidden": false,
      "minimum": 0,
      "role": 6,
      "event": 74,
      "maximum": 0
    }
  },
  {
    "pk": 57,
    "model": "events.eventrole",
    "fields": {
      "is_hidden": false,
      "minimum": 0,
      "role": 6,
      "event": 75,
      "maximum": 0
    }
  },
  {
    "pk": 58,
    "model": "events.eventrole",
    "fields": {
      "is_hidden": false,
      "minimum": 40,
      "role": 6,
      "event": 76,
      "maximum": 0
    }
  },
  {
    "pk": 59,
    "model": "events.eventrole",
    "fields": {
      "is_hidden": false,
      "minimum": 40,
      "role": 6,
      "event": 77,
      "maximum": 0
    }
  },
  {
    "pk": 60,
    "model": "events.eventrole",
    "fields": {
      "is_hidden": false,
      "minimum": 0,
      "role": 3,
      "event": 78,
      "maximum": 0
    }
  },
  {
    "pk": 61,
    "model": "events.eventrole",
    "fields": {
      "is_hidden": false,
      "minimum": 0,
      "role": 6,
      "event": 78,
      "maximum": 0
    }
  },
  {
    "pk": 62,
    "model": "events.eventrole",
    "fields": {
      "is_hidden": false,
      "minimum": 0,
      "role": 3,
      "event": 79,
      "maximum": 0
    }
  },
  {
    "pk": 63,
    "model": "events.eventrole",
    "fields": {
      "is_hidden": false,
      "minimum": 0,
      "role": 6,
      "event": 79,
      "maximum": 0
    }
  },
  {
    "pk": 64,
    "model": "events.eventrole",
    "fields": {
      "is_hidden": false,
      "minimum": 0,
      "role": 6,
      "event": 80,
      "maximum": 0
    }
  },
  {
    "pk": 65,
    "model": "events.eventrole",
    "fields": {
      "is_hidden": false,
      "minimum": 0,
      "role": 6,
      "event": 81,
      "maximum": 0
    }
  },
  {
    "pk": 66,
    "model": "events.eventrole",
    "fields": {
      "is_hidden": false,
      "minimum": 0,
      "role": 6,
      "event": 82,
      "maximum": 0
    }
  },
  {
    "pk": 67,
    "model": "events.eventrole",
    "fields": {
      "is_hidden": false,
      "minimum": 0,
      "role": 6,
      "event": 83,
      "maximum": 0
    }
  },
  {
    "pk": 68,
    "model": "events.eventrole",
    "fields": {
      "is_hidden": false,
      "minimum": 0,
      "role": 6,
      "event": 84,
      "maximum": 0
    }
  },
  {
    "pk": 69,
    "model": "events.eventrole",
    "fields": {
      "is_hidden": false,
      "minimum": 0,
      "role": 6,
      "event": 85,
      "maximum": 0
    }
  },
  {
    "pk": 70,
    "model": "events.eventrole",
    "fields": {
      "is_hidden": false,
      "minimum": 0,
      "role": 6,
      "event": 86,
      "maximum": 0
    }
  },
  {
    "pk": 71,
    "model": "events.eventrole",
    "fields": {
      "is_hidden": false,
      "minimum": 0,
      "role": 1,
      "event": 87,
      "maximum": 0
    }
  },
  {
    "pk": 72,
    "model": "events.eventrole",
    "fields": {
      "is_hidden": false,
      "minimum": 0,
      "role": 2,
      "event": 87,
      "maximum": 0
    }
  },
  {
    "pk": 73,
    "model": "events.eventrole",
    "fields": {
      "is_hidden": false,
      "minimum": 0,
      "role": 6,
      "event": 87,
      "maximum": 0
    }
  },
  {
    "pk": 74,
    "model": "events.eventrole",
    "fields": {
      "is_hidden": false,
      "minimum": 0,
      "role": 6,
      "event": 88,
      "maximum": 0
    }
  },
  {
    "pk": 75,
    "model": "events.eventrole",
    "fields": {
      "is_hidden": false,
      "minimum": 0,
      "role": 6,
      "event": 89,
      "maximum": 0
    }
  },
  {
    "pk": 76,
    "model": "events.eventrole",
    "fields": {
      "is_hidden": false,
      "minimum": 0,
      "role": 6,
      "event": 90,
      "maximum": 0
    }
  },
  {
    "pk": 77,
    "model": "events.eventrole",
    "fields": {
      "is_hidden": false,
      "minimum": 0,
      "role": 6,
      "event": 91,
      "maximum": 0
    }
  },
  {
    "pk": 78,
    "model": "events.eventrole",
    "fields": {
      "is_hidden": false,
      "minimum": 0,
      "role": 6,
      "event": 92,
      "maximum": 0
    }
  },
  {
    "pk": 79,
    "model": "events.eventrole",
    "fields": {
      "is_hidden": false,
      "minimum": 0,
      "role": 1,
      "event": 93,
      "maximum": 0
    }
  },
  {
    "pk": 80,
    "model": "events.eventrole",
    "fields": {
      "is_hidden": false,
      "minimum": 0,
      "role": 4,
      "event": 93,
      "maximum": 0
    }
  },
  {
    "pk": 81,
    "model": "events.eventrole",
    "fields": {
      "is_hidden": false,
      "minimum": 0,
      "role": 6,
      "event": 93,
      "maximum": 0
    }
  },
  {
    "pk": 82,
    "model": "events.eventrole",
    "fields": {
      "is_hidden": false,
      "minimum": 0,
      "role": 1,
      "event": 94,
      "maximum": 0
    }
  },
  {
    "pk": 83,
    "model": "events.eventrole",
    "fields": {
      "is_hidden": false,
      "minimum": 0,
      "role": 4,
      "event": 94,
      "maximum": 0
    }
  },
  {
    "pk": 84,
    "model": "events.eventrole",
    "fields": {
      "is_hidden": false,
      "minimum": 0,
      "role": 6,
      "event": 94,
      "maximum": 0
    }
  },
  {
    "pk": 85,
    "model": "events.eventrole",
    "fields": {
      "is_hidden": false,
      "minimum": 0,
      "role": 1,
      "event": 95,
      "maximum": 0
    }
  },
  {
    "pk": 86,
    "model": "events.eventrole",
    "fields": {
      "is_hidden": false,
      "minimum": 0,
      "role": 3,
      "event": 95,
      "maximum": 0
    }
  },
  {
    "pk": 87,
    "model": "events.eventrole",
    "fields": {
      "is_hidden": false,
      "minimum": 0,
      "role": 6,
      "event": 95,
      "maximum": 0
    }
  },
  {
    "pk": 88,
    "model": "events.eventrole",
    "fields": {
      "is_hidden": false,
      "minimum": 1,
      "role": 2,
      "event": 96,
      "maximum": 0
    }
  },
  {
    "pk": 89,
    "model": "events.eventrole",
    "fields": {
      "is_hidden": false,
      "minimum": 4,
      "role": 3,
      "event": 96,
      "maximum": 0
    }
  },
  {
    "pk": 90,
    "model": "events.eventrole",
    "fields": {
      "is_hidden": false,
      "minimum": 0,
      "role": 6,
      "event": 96,
      "maximum": 20
    }
  },
  {
    "pk": 1,
    "model": "events.groupinvitation",
    "fields": {
      "event_role": 1,
      "group": 1
    }
  },
  {
    "pk": 2,
    "model": "events.groupinvitation",
    "fields": {
      "event_role": 2,
      "group": 3
    }
  },
  {
    "pk": 3,
    "model": "events.groupinvitation",
    "fields": {
      "event_role": 11,
      "group": 15
    }
  },
  {
    "pk": 4,
    "model": "events.groupinvitation",
    "fields": {
      "event_role": 12,
      "group": 1
    }
  },
  {
    "pk": 5,
    "model": "events.groupinvitation",
    "fields": {
      "event_role": 13,
      "group": 1
    }
  },
  {
    "pk": 6,
    "model": "events.groupinvitation",
    "fields": {
      "event_role": 14,
      "group": 1
    }
  },
  {
    "pk": 7,
    "model": "events.groupinvitation",
    "fields": {
      "event_role": 15,
      "group": 3
    }
  },
  {
    "pk": 8,
    "model": "events.groupinvitation",
    "fields": {
      "event_role": 16,
      "group": 10
    }
  },
  {
    "pk": 9,
    "model": "events.groupinvitation",
    "fields": {
      "event_role": 17,
      "group": 10
    }
  },
  {
    "pk": 10,
    "model": "events.groupinvitation",
    "fields": {
      "event_role": 17,
      "group": 22
    }
  },
  {
    "pk": 11,
    "model": "events.groupinvitation",
    "fields": {
      "event_role": 18,
      "group": 7
    }
  },
  {
    "pk": 12,
    "model": "events.groupinvitation",
    "fields": {
      "event_role": 18,
      "group": 9
    }
  },
  {
    "pk": 13,
    "model": "events.groupinvitation",
    "fields": {
      "event_role": 18,
      "group": 3
    }
  },
  {
    "pk": 14,
    "model": "events.groupinvitation",
    "fields": {
      "event_role": 19,
      "group": 9
    }
  },
  {
    "pk": 15,
    "model": "events.groupinvitation",
    "fields": {
      "event_role": 19,
      "group": 11
    }
  },
  {
    "pk": 16,
    "model": "events.groupinvitation",
    "fields": {
      "event_role": 20,
      "group": 22
    }
  },
  {
    "pk": 17,
    "model": "events.groupinvitation",
    "fields": {
      "event_role": 21,
      "group": 3
    }
  },
  {
    "pk": 18,
    "model": "events.groupinvitation",
    "fields": {
      "event_role": 22,
      "group": 3
    }
  },
  {
    "pk": 19,
    "model": "events.groupinvitation",
    "fields": {
      "event_role": 23,
      "group": 14
    }
  },
  {
    "pk": 20,
    "model": "events.groupinvitation",
    "fields": {
      "event_role": 24,
      "group": 7
    }
  },
  {
    "pk": 21,
    "model": "events.groupinvitation",
    "fields": {
      "event_role": 25,
      "group": 14
    }
  },
  {
    "pk": 22,
    "model": "events.groupinvitation",
    "fields": {
      "event_role": 26,
      "group": 3
    }
  },
  {
    "pk": 23,
    "model": "events.groupinvitation",
    "fields": {
      "event_role": 28,
      "group": 3
    }
  },
  {
    "pk": 27,
    "model": "events.groupinvitation",
    "fields": {
      "event_role": 31,
      "group": 6
    }
  },
  {
    "pk": 28,
    "model": "events.groupinvitation",
    "fields": {
      "event_role": 32,
      "group": 2
    }
  },
  {
    "pk": 29,
    "model": "events.groupinvitation",
    "fields": {
      "event_role": 32,
      "group": 4
    }
  },
  {
    "pk": 30,
    "model": "events.groupinvitation",
    "fields": {
      "event_role": 29,
      "group": 7
    }
  },
  {
    "pk": 31,
    "model": "events.groupinvitation",
    "fields": {
      "event_role": 33,
      "group": 3
    }
  },
  {
    "pk": 32,
    "model": "events.groupinvitation",
    "fields": {
      "event_role": 34,
      "group": 1
    }
  },
  {
    "pk": 33,
    "model": "events.groupinvitation",
    "fields": {
      "event_role": 34,
      "group": 3
    }
  },
  {
    "pk": 34,
    "model": "events.groupinvitation",
    "fields": {
      "event_role": 35,
      "group": 3
    }
  },
  {
    "pk": 35,
    "model": "events.groupinvitation",
    "fields": {
      "event_role": 36,
      "group": 4
    }
  },
  {
    "pk": 36,
    "model": "events.groupinvitation",
    "fields": {
      "event_role": 37,
      "group": 2
    }
  },
  {
    "pk": 37,
    "model": "events.groupinvitation",
    "fields": {
      "event_role": 38,
      "group": 3
    }
  },
  {
    "pk": 38,
    "model": "events.groupinvitation",
    "fields": {
      "event_role": 40,
      "group": 1
    }
  },
  {
    "pk": 39,
    "model": "events.groupinvitation",
    "fields": {
      "event_role": 40,
      "group": 8
    }
  },
  {
    "pk": 40,
    "model": "events.groupinvitation",
    "fields": {
      "event_role": 41,
      "group": 1
    }
  },
  {
    "pk": 41,
    "model": "events.groupinvitation",
    "fields": {
      "event_role": 42,
      "group": 3
    }
  },
  {
    "pk": 42,
    "model": "events.groupinvitation",
    "fields": {
      "event_role": 43,
      "group": 1
    }
  },
  {
    "pk": 43,
    "model": "events.groupinvitation",
    "fields": {
      "event_role": 44,
      "group": 3
    }
  },
  {
    "pk": 44,
    "model": "events.groupinvitation",
    "fields": {
      "event_role": 45,
      "group": 2
    }
  },
  {
    "pk": 45,
    "model": "events.groupinvitation",
    "fields": {
      "event_role": 46,
      "group": 2
    }
  },
  {
    "pk": 46,
    "model": "events.groupinvitation",
    "fields": {
      "event_role": 47,
      "group": 12
    }
  },
  {
    "pk": 47,
    "model": "events.groupinvitation",
    "fields": {
      "event_role": 48,
      "group": 14
    }
  },
  {
    "pk": 48,
    "model": "events.groupinvitation",
    "fields": {
      "event_role": 49,
      "group": 22
    }
  },
  {
    "pk": 49,
    "model": "events.groupinvitation",
    "fields": {
      "event_role": 50,
      "group": 14
    }
  },
  {
    "pk": 50,
    "model": "events.groupinvitation",
    "fields": {
      "event_role": 51,
      "group": 22
    }
  },
  {
    "pk": 51,
    "model": "events.groupinvitation",
    "fields": {
      "event_role": 52,
      "group": 13
    }
  },
  {
    "pk": 52,
    "model": "events.groupinvitation",
    "fields": {
      "event_role": 54,
      "group": 22
    }
  },
  {
    "pk": 53,
    "model": "events.groupinvitation",
    "fields": {
      "event_role": 55,
      "group": 9
    }
  },
  {
    "pk": 54,
    "model": "events.groupinvitation",
    "fields": {
      "event_role": 56,
      "group": 1
    }
  },
  {
    "pk": 55,
    "model": "events.groupinvitation",
    "fields": {
      "event_role": 56,
      "group": 2
    }
  },
  {
    "pk": 56,
    "model": "events.groupinvitation",
    "fields": {
      "event_role": 56,
      "group": 3
    }
  },
  {
    "pk": 57,
    "model": "events.groupinvitation",
    "fields": {
      "event_role": 56,
      "group": 4
    }
  },
  {
    "pk": 58,
    "model": "events.groupinvitation",
    "fields": {
      "event_role": 56,
      "group": 5
    }
  },
  {
    "pk": 59,
    "model": "events.groupinvitation",
    "fields": {
      "event_role": 56,
      "group": 6
    }
  },
  {
    "pk": 60,
    "model": "events.groupinvitation",
    "fields": {
      "event_role": 56,
      "group": 7
    }
  },
  {
    "pk": 61,
    "model": "events.groupinvitation",
    "fields": {
      "event_role": 56,
      "group": 8
    }
  },
  {
    "pk": 62,
    "model": "events.groupinvitation",
    "fields": {
      "event_role": 56,
      "group": 9
    }
  },
  {
    "pk": 63,
    "model": "events.groupinvitation",
    "fields": {
      "event_role": 56,
      "group": 10
    }
  },
  {
    "pk": 64,
    "model": "events.groupinvitation",
    "fields": {
      "event_role": 56,
      "group": 11
    }
  },
  {
    "pk": 65,
    "model": "events.groupinvitation",
    "fields": {
      "event_role": 56,
      "group": 12
    }
  },
  {
    "pk": 66,
    "model": "events.groupinvitation",
    "fields": {
      "event_role": 56,
      "group": 13
    }
  },
  {
    "pk": 67,
    "model": "events.groupinvitation",
    "fields": {
      "event_role": 56,
      "group": 14
    }
  },
  {
    "pk": 68,
    "model": "events.groupinvitation",
    "fields": {
      "event_role": 56,
      "group": 15
    }
  },
  {
    "pk": 69,
    "model": "events.groupinvitation",
    "fields": {
      "event_role": 56,
      "group": 16
    }
  },
  {
    "pk": 70,
    "model": "events.groupinvitation",
    "fields": {
      "event_role": 56,
      "group": 22
    }
  },
  {
    "pk": 71,
    "model": "events.groupinvitation",
    "fields": {
      "event_role": 57,
      "group": 14
    }
  },
  {
    "pk": 72,
    "model": "events.groupinvitation",
    "fields": {
      "event_role": 58,
      "group": 23
    }
  },
  {
    "pk": 73,
    "model": "events.groupinvitation",
    "fields": {
      "event_role": 59,
      "group": 23
    }
  },
  {
    "pk": 74,
    "model": "events.groupinvitation",
    "fields": {
      "event_role": 60,
      "group": 7
    }
  },
  {
    "pk": 75,
    "model": "events.groupinvitation",
    "fields": {
      "event_role": 61,
      "group": 22
    }
  },
  {
    "pk": 76,
    "model": "events.groupinvitation",
    "fields": {
      "event_role": 62,
      "group": 9
    }
  },
  {
    "pk": 77,
    "model": "events.groupinvitation",
    "fields": {
      "event_role": 63,
      "group": 22
    }
  },
  {
    "pk": 78,
    "model": "events.groupinvitation",
    "fields": {
      "event_role": 64,
      "group": 23
    }
  },
  {
    "pk": 79,
    "model": "events.groupinvitation",
    "fields": {
      "event_role": 65,
      "group": 23
    }
  },
  {
    "pk": 80,
    "model": "events.groupinvitation",
    "fields": {
      "event_role": 66,
      "group": 23
    }
  },
  {
    "pk": 81,
    "model": "events.groupinvitation",
    "fields": {
      "event_role": 67,
      "group": 23
    }
  },
  {
    "pk": 82,
    "model": "events.groupinvitation",
    "fields": {
      "event_role": 68,
      "group": 23
    }
  },
  {
    "pk": 83,
    "model": "events.groupinvitation",
    "fields": {
      "event_role": 69,
      "group": 13
    }
  },
  {
    "pk": 84,
    "model": "events.groupinvitation",
    "fields": {
      "event_role": 58,
      "group": 1
    }
  },
  {
    "pk": 85,
    "model": "events.groupinvitation",
    "fields": {
      "event_role": 59,
      "group": 1
    }
  },
  {
    "pk": 86,
    "model": "events.groupinvitation",
    "fields": {
      "event_role": 64,
      "group": 1
    }
  },
  {
    "pk": 87,
    "model": "events.groupinvitation",
    "fields": {
      "event_role": 65,
      "group": 1
    }
  },
  {
    "pk": 88,
    "model": "events.groupinvitation",
    "fields": {
      "event_role": 66,
      "group": 1
    }
  },
  {
    "pk": 89,
    "model": "events.groupinvitation",
    "fields": {
      "event_role": 67,
      "group": 1
    }
  },
  {
    "pk": 90,
    "model": "events.groupinvitation",
    "fields": {
      "event_role": 68,
      "group": 1
    }
  },
  {
    "pk": 91,
    "model": "events.groupinvitation",
    "fields": {
      "event_role": 70,
      "group": 5
    }
  },
  {
    "pk": 92,
    "model": "events.groupinvitation",
    "fields": {
      "event_role": 72,
      "group": 3
    }
  },
  {
    "pk": 93,
    "model": "events.groupinvitation",
    "fields": {
      "event_role": 73,
      "group": 1
    }
  },
  {
    "pk": 94,
    "model": "events.groupinvitation",
    "fields": {
      "event_role": 76,
      "group": 3
    }
  },
  {
    "pk": 95,
    "model": "events.groupinvitation",
    "fields": {
      "event_role": 77,
      "group": 4
    }
  },
  {
    "pk": 96,
    "model": "events.groupinvitation",
    "fields": {
      "event_role": 79,
      "group": 1
    }
  },
  {
    "pk": 97,
    "model": "events.groupinvitation",
    "fields": {
      "event_role": 80,
      "group": 22
    }
  },
  {
    "pk": 98,
    "model": "events.groupinvitation",
    "fields": {
      "event_role": 83,
      "group": 4
    }
  },
  {
    "pk": 99,
    "model": "events.groupinvitation",
    "fields": {
      "event_role": 83,
      "group": 6
    }
  },
  {
    "pk": 100,
    "model": "events.groupinvitation",
    "fields": {
      "event_role": 84,
      "group": 1
    }
  },
  {
    "pk": 101,
    "model": "events.groupinvitation",
    "fields": {
      "event_role": 84,
      "group": 3
    }
  },
  {
    "pk": 102,
    "model": "events.groupinvitation",
    "fields": {
      "event_role": 84,
      "group": 5
    }
  },
  {
    "pk": 103,
    "model": "events.groupinvitation",
    "fields": {
      "event_role": 85,
      "group": 1
    }
  },
  {
    "pk": 104,
    "model": "events.groupinvitation",
    "fields": {
      "event_role": 86,
      "group": 14
    }
  },
  {
    "pk": 105,
    "model": "events.groupinvitation",
    "fields": {
      "event_role": 87,
      "group": 1
    }
  },
  {
    "pk": 106,
    "model": "events.groupinvitation",
    "fields": {
      "event_role": 87,
      "group": 2
    }
  },
  {
    "pk": 107,
    "model": "events.groupinvitation",
    "fields": {
      "event_role": 87,
      "group": 3
    }
  },
  {
    "pk": 108,
    "model": "events.groupinvitation",
    "fields": {
      "event_role": 87,
      "group": 4
    }
  },
  {
    "pk": 109,
    "model": "events.groupinvitation",
    "fields": {
      "event_role": 87,
      "group": 5
    }
  },
  {
    "pk": 110,
    "model": "events.groupinvitation",
    "fields": {
      "event_role": 87,
      "group": 6
    }
  },
  {
    "pk": 111,
    "model": "events.groupinvitation",
    "fields": {
      "event_role": 87,
      "group": 7
    }
  },
  {
    "pk": 112,
    "model": "events.groupinvitation",
    "fields": {
      "event_role": 87,
      "group": 8
    }
  },
  {
    "pk": 113,
    "model": "events.groupinvitation",
    "fields": {
      "event_role": 88,
      "group": 3
    }
  },
  {
    "pk": 114,
    "model": "events.groupinvitation",
    "fields": {
      "event_role": 89,
      "group": 10
    }
  },
  {
    "pk": 115,
    "model": "events.groupinvitation",
    "fields": {
      "event_role": 90,
      "group": 22
    }
  },
  {
    "pk": 1,
    "model": "events.memberinvitation",
    "fields": {
      "member": 3,
      "event_role": 3
    }
  },
  {
    "pk": 2,
    "model": "events.memberinvitation",
    "fields": {
      "member": 1,
      "event_role": 4
    }
  },
  {
    "pk": 3,
    "model": "events.memberinvitation",
    "fields": {
      "member": 2,
      "event_role": 4
    }
  },
  {
    "pk": 4,
    "model": "events.memberinvitation",
    "fields": {
      "member": 4,
      "event_role": 4
    }
  },
  {
    "pk": 5,
    "model": "events.memberinvitation",
    "fields": {
      "member": 2,
      "event_role": 5
    }
  },
  {
    "pk": 6,
    "model": "events.memberinvitation",
    "fields": {
      "member": 4,
      "event_role": 6
    }
  },
  {
    "pk": 7,
    "model": "events.memberinvitation",
    "fields": {
      "member": 3,
      "event_role": 11
    }
  },
  {
    "pk": 8,
    "model": "events.memberinvitation",
    "fields": {
      "member": 1,
      "event_role": 11
    }
  },
  {
    "pk": 9,
    "model": "events.memberinvitation",
    "fields": {
      "member": 2,
      "event_role": 11
    }
  },
  {
    "pk": 10,
    "model": "events.memberinvitation",
    "fields": {
      "member": 5,
      "event_role": 13
    }
  },
  {
    "pk": 11,
    "model": "events.memberinvitation",
    "fields": {
      "member": 3,
      "event_role": 14
    }
  },
  {
    "pk": 12,
    "model": "events.memberinvitation",
    "fields": {
      "member": 3,
      "event_role": 27
    }
  },
  {
    "pk": 13,
    "model": "events.memberinvitation",
    "fields": {
      "member": 5,
      "event_role": 27
    }
  },
  {
    "pk": 14,
    "model": "events.memberinvitation",
    "fields": {
      "member": 1,
      "event_role": 40
    }
  },
  {
    "pk": 15,
    "model": "events.memberinvitation",
    "fields": {
      "member": 4,
      "event_role": 41
    }
  },
  {
    "pk": 16,
    "model": "events.memberinvitation",
    "fields": {
      "member": 1,
      "event_role": 45
    }
  },
  {
    "pk": 17,
    "model": "events.memberinvitation",
    "fields": {
      "member": 1,
      "event_role": 46
    }
  },
  {
    "pk": 18,
    "model": "events.memberinvitation",
    "fields": {
      "member": 5,
      "event_role": 53
    }
  },
  {
    "pk": 19,
    "model": "events.memberinvitation",
    "fields": {
      "member": 7,
      "event_role": 70
    }
  },
  {
    "pk": 20,
    "model": "events.memberinvitation",
    "fields": {
      "member": 1,
      "event_role": 71
    }
  },
  {
    "pk": 21,
    "model": "events.memberinvitation",
    "fields": {
      "member": 1,
      "event_role": 74
    }
  },
  {
    "pk": 22,
    "model": "events.memberinvitation",
    "fields": {
      "member": 4,
      "event_role": 74
    }
  },
  {
    "pk": 23,
    "model": "events.memberinvitation",
    "fields": {
      "member": 8,
      "event_role": 74
    }
  },
  {
    "pk": 24,
    "model": "events.memberinvitation",
    "fields": {
      "member": 1,
      "event_role": 75
    }
  },
  {
    "pk": 25,
    "model": "events.memberinvitation",
    "fields": {
      "member": 4,
      "event_role": 75
    }
  },
  {
    "pk": 26,
    "model": "events.memberinvitation",
    "fields": {
      "member": 8,
      "event_role": 75
    }
  },
  {
    "pk": 27,
    "model": "events.memberinvitation",
    "fields": {
      "member": 1,
      "event_role": 78
    }
  },
  {
    "pk": 28,
    "model": "events.memberinvitation",
    "fields": {
      "member": 2,
      "event_role": 78
    }
  },
  {
    "pk": 29,
    "model": "events.memberinvitation",
    "fields": {
      "member": 1,
      "event_role": 81
    }
  },
  {
    "pk": 30,
    "model": "events.memberinvitation",
    "fields": {
      "member": 2,
      "event_role": 81
    }
  },
  {
    "pk": 31,
    "model": "events.memberinvitation",
    "fields": {
      "member": 1,
      "event_role": 82
    }
  },
  {
    "pk": 32,
    "model": "events.memberinvitation",
    "fields": {
      "member": 4,
      "event_role": 88
    }
  },
  {
    "pk": 1,
    "model": "events.memberresponse",
    "fields": {
      "member": 3,
      "event_role": 14,
      "response": "Y",
      "time_responded": "2013-04-23T04:18:46.677Z"
    }
  },
  {
    "pk": 2,
    "model": "events.memberresponse",
    "fields": {
      "member": 1,
      "event_role": 15,
      "response": "Y",
      "time_responded": "2013-04-27T19:19:41.237Z"
    }
  },
  {
    "pk": 3,
    "model": "events.memberresponse",
    "fields": {
      "member": 2,
      "event_role": 15,
      "response": "N",
      "time_responded": "2013-04-27T19:19:52.233Z"
    }
  },
  {
    "pk": 4,
    "model": "events.memberresponse",
    "fields": {
      "member": 1,
      "event_role": 18,
      "response": "N",
      "time_responded": "2013-05-03T17:53:35.066Z"
    }
  },
  {
    "pk": 5,
    "model": "events.memberresponse",
    "fields": {
      "member": 1,
      "event_role": 14,
      "response": "N",
      "time_responded": "2013-05-03T17:54:14.678Z"
    }
  },
  {
    "pk": 6,
    "model": "events.memberresponse",
    "fields": {
      "member": 2,
      "event_role": 14,
      "response": "Y",
      "time_responded": "2013-05-04T01:02:20.923Z"
    }
  },
  {
    "pk": 7,
    "model": "events.memberresponse",
    "fields": {
      "member": 2,
      "event_role": 56,
      "response": "Y",
      "time_responded": "2013-05-10T01:51:49.655Z"
    }
  },
  {
    "pk": 8,
    "model": "events.memberresponse",
    "fields": {
      "member": 1,
      "event_role": 56,
      "response": "Y",
      "time_responded": "2013-05-10T01:54:29.819Z"
    }
  },
  {
    "pk": 9,
    "model": "events.memberresponse",
    "fields": {
      "member": 1,
      "event_role": 46,
      "response": "N",
      "time_responded": "2013-05-11T20:25:15.816Z"
    }
  },
  {
    "pk": 10,
    "model": "events.memberresponse",
    "fields": {
      "member": 1,
      "event_role": 6,
      "response": "Y",
      "time_responded": "2013-05-13T14:55:36.555Z"
    }
  },
  {
    "pk": 11,
    "model": "events.memberresponse",
    "fields": {
      "member": 1,
      "event_role": 2,
      "response": "N",
      "time_responded": "2013-05-13T15:06:56.503Z"
    }
  },
  {
    "pk": 12,
    "model": "events.memberresponse",
    "fields": {
      "member": 1,
      "event_role": 1,
      "response": "Y",
      "time_responded": "2013-05-14T23:24:28.565Z"
    }
  },
  {
    "pk": 13,
    "model": "events.memberresponse",
    "fields": {
      "member": 1,
      "event_role": 13,
      "response": "Y",
      "time_responded": "2013-05-16T21:31:25.815Z"
    }
  },
  {
    "pk": 14,
    "model": "events.memberresponse",
    "fields": {
      "member": 1,
      "event_role": 66,
      "response": "N",
      "time_responded": "2013-05-19T08:32:47.129Z"
    }
  },
  {
    "pk": 15,
    "model": "events.memberresponse",
    "fields": {
      "member": 1,
      "event_role": 65,
      "response": "N",
      "time_responded": "2013-06-24T03:13:00.217Z"
    }
  },
  {
    "pk": 16,
    "model": "events.memberresponse",
    "fields": {
      "member": 1,
      "event_role": 68,
      "response": "Y",
      "time_responded": "2013-06-24T23:16:55.517Z"
    }
  },
  {
    "pk": 17,
    "model": "events.memberresponse",
    "fields": {
      "member": 1,
      "event_role": 67,
      "response": "N",
      "time_responded": "2013-06-24T23:43:55.502Z"
    }
  },
  {
    "pk": 18,
    "model": "events.memberresponse",
    "fields": {
      "member": 1,
      "event_role": 64,
      "response": "Y",
      "time_responded": "2013-07-19T05:42:01.187Z"
    }
  },
  {
    "pk": 19,
    "model": "events.memberresponse",
    "fields": {
      "member": 1,
      "event_role": 71,
      "response": "Y",
      "time_responded": "2013-07-21T02:52:26.371Z"
    }
  },
  {
    "pk": 20,
    "model": "events.memberresponse",
    "fields": {
      "member": 1,
      "event_role": 75,
      "response": "Y",
      "time_responded": "2013-07-24T18:55:29.815Z"
    }
  },
  {
    "pk": 21,
    "model": "events.memberresponse",
    "fields": {
      "member": 1,
      "event_role": 76,
      "response": "N",
      "time_responded": "2013-07-24T18:55:38.452Z"
    }
  },
  {
    "pk": 22,
    "model": "events.memberresponse",
    "fields": {
      "member": 1,
      "event_role": 72,
      "response": "Y",
      "time_responded": "2013-07-24T20:19:32.278Z"
    }
  },
  {
    "pk": 23,
    "model": "events.memberresponse",
    "fields": {
      "member": 1,
      "event_role": 79,
      "response": "N",
      "time_responded": "2013-07-24T21:44:54.799Z"
    }
  },
  {
    "pk": 24,
    "model": "events.memberresponse",
    "fields": {
      "member": 1,
      "event_role": 81,
      "response": "Y",
      "time_responded": "2013-07-24T21:45:01.486Z"
    }
  },
  {
    "pk": 25,
    "model": "events.memberresponse",
    "fields": {
      "member": 1,
      "event_role": 82,
      "response": "Y",
      "time_responded": "2013-07-25T11:11:35.380Z"
    }
  },
  {
    "pk": 26,
    "model": "events.memberresponse",
    "fields": {
      "member": 1,
      "event_role": 84,
      "response": "Y",
      "time_responded": "2013-07-25T11:22:57.144Z"
    }
  },
  {
    "pk": 27,
    "model": "events.memberresponse",
    "fields": {
      "member": 1,
      "event_role": 85,
      "response": "Y",
      "time_responded": "2013-07-25T11:24:35.028Z"
    }
  },
  {
    "pk": 28,
    "model": "events.memberresponse",
    "fields": {
      "member": 1,
      "event_role": 87,
      "response": "N",
      "time_responded": "2013-07-25T11:31:49.551Z"
    }
  },
  {
    "pk": 29,
    "model": "events.memberresponse",
    "fields": {
      "member": 1,
      "event_role": 78,
      "response": "Y",
      "time_responded": "2013-07-25T14:36:59.420Z"
    }
  },
  {
    "pk": 7,
    "model": "django_evolution.version",
    "fields": {
      "when": "2013-04-23T04:46:46.754Z",
      "signature": "(dp1\nS'groups'\np2\nccopy_reg\n_reconstructor\np3\n(cdjango.utils.datastructures\nSortedDict\np4\nc__builtin__\ndict\np5\n(dp6\nS'Membership'\np7\n(dp8\nS'fields'\np9\n(dp10\nS'member'\np11\n(dp12\nS'field_type'\np13\ncdjango.db.models.fields.related\nForeignKey\np14\nsS'related_model'\np15\nS'members.Member'\np16\nssS'is_leader'\np17\n(dp18\ng13\ncdjango.db.models.fields\nBooleanField\np19\nssS'group'\np20\n(dp21\ng13\ng14\nsg15\nS'groups.Group'\np22\nssS'id'\np23\n(dp24\ng13\ncdjango.db.models.fields\nAutoField\np25\nsS'primary_key'\np26\nI01\nssS'date_joined'\np27\n(dp28\ng13\ncdjango.db.models.fields\nDateField\np29\nsssS'meta'\np30\n(dp31\nS'unique_together'\np32\n(lp33\nsS'db_table'\np34\nS'groups_membership'\np35\nsS'db_tablespace'\np36\nS''\nsS'pk_column'\np37\ng23\nsssS'Group'\np38\n(dp39\ng9\n(dp40\nS'description'\np41\n(dp42\ng13\ncdjango.db.models.fields\nTextField\np43\nssS'title'\np44\n(dp45\ng13\ncdjango.db.models.fields\nCharField\np46\nsS'max_length'\np47\nI64\nssg23\n(dp48\ng13\ng25\nsg26\nI01\nssS'members'\np49\n(dp50\ng13\ncdjango.db.models.fields.related\nManyToManyField\np51\nsg15\nS'members.Member'\np52\nssS'slug'\np53\n(dp54\ng13\ncdjango.db.models.fields\nSlugField\np55\nsg47\nI50\nsS'db_index'\np56\nI01\nssS'group_type'\np57\n(dp58\ng13\ng46\nsg47\nI2\nsssg30\n(dp59\ng32\n(lp60\nsg34\nS'groups_group'\np61\nsg36\nS''\nsg37\ng23\nssstRp62\n(dp63\nS'keyOrder'\np64\n(lp65\ng38\nag7\nasbsS'sessions'\np66\ng3\n(g4\ng5\n(dp67\nS'Session'\np68\n(dp69\ng9\n(dp70\nS'session_key'\np71\n(dp72\ng13\ng46\nsg47\nI40\nsg26\nI01\nssS'expire_date'\np73\n(dp74\ng13\ncdjango.db.models.fields\nDateTimeField\np75\nsg56\nI01\nssS'session_data'\np76\n(dp77\ng13\ng43\nsssg30\n(dp78\ng32\n(lp79\nsg34\nS'django_session'\np80\nsg36\nS''\nsg37\ng71\nssstRp81\n(dp82\ng64\n(lp83\ng68\nasbsS'staticfiles'\np84\ng3\n(g4\ng5\n(dtRp85\n(dp86\ng64\n(lp87\nsbsS'messages'\np88\ng3\n(g4\ng5\n(dtRp89\n(dp90\ng64\n(lp91\nsbsS'auth'\np92\ng3\n(g4\ng5\n(dp93\ng38\n(dp94\ng9\n(dp95\nS'permissions'\np96\n(dp97\ng13\ng51\nsg15\nS'auth.Permission'\np98\nssg23\n(dp99\ng13\ng25\nsg26\nI01\nssS'name'\np100\n(dp101\ng47\nI80\nsg13\ng46\nsS'unique'\np102\nI01\nsssg30\n(dp103\ng32\n(lp104\nsg34\nS'auth_group'\np105\nsg36\nS''\nsg37\ng23\nsssS'User'\np106\n(dp107\ng9\n(dp108\nS'username'\np109\n(dp110\ng47\nI30\nsg13\ng46\nsg102\nI01\nssS'first_name'\np111\n(dp112\ng13\ng46\nsg47\nI30\nssS'last_name'\np113\n(dp114\ng13\ng46\nsg47\nI30\nssS'is_active'\np115\n(dp116\ng13\ng19\nssS'email'\np117\n(dp118\ng13\ncdjango.db.models.fields\nEmailField\np119\nsg47\nI75\nssS'is_superuser'\np120\n(dp121\ng13\ng19\nssS'is_staff'\np122\n(dp123\ng13\ng19\nssS'last_login'\np124\n(dp125\ng13\ng75\nssS'groups'\np126\n(dp127\ng13\ng51\nsg15\nS'auth.Group'\np128\nssS'user_permissions'\np129\n(dp130\ng13\ng51\nsg15\nS'auth.Permission'\np131\nssS'password'\np132\n(dp133\ng13\ng46\nsg47\nI128\nssg23\n(dp134\ng13\ng25\nsg26\nI01\nssg27\n(dp135\ng13\ng75\nsssg30\n(dp136\ng32\n(lp137\nsg34\nS'auth_user'\np138\nsg36\nS''\nsg37\ng23\nsssS'Permission'\np139\n(dp140\ng9\n(dp141\nS'codename'\np142\n(dp143\ng13\ng46\nsg47\nI100\nssg23\n(dp144\ng13\ng25\nsg26\nI01\nssS'content_type'\np145\n(dp146\ng13\ng14\nsg15\nS'contenttypes.ContentType'\np147\nssg100\n(dp148\ng13\ng46\nsg47\nI50\nsssg30\n(dp149\ng32\n((S'content_type'\nS'codename'\nttp150\nsg34\nS'auth_permission'\np151\nsg36\nS''\nsg37\ng23\nssstRp152\n(dp153\ng64\n(lp154\ng139\nag38\nag106\nasbsS'admin'\np155\ng3\n(g4\ng5\n(dp156\nS'LogEntry'\np157\n(dp158\ng9\n(dp159\nS'action_flag'\np160\n(dp161\ng13\ncdjango.db.models.fields\nPositiveSmallIntegerField\np162\nssS'action_time'\np163\n(dp164\ng13\ng75\nssS'object_repr'\np165\n(dp166\ng13\ng46\nsg47\nI200\nssS'object_id'\np167\n(dp168\ng13\ng43\nsS'null'\np169\nI01\nssS'change_message'\np170\n(dp171\ng13\ng43\nssS'user'\np172\n(dp173\ng13\ng14\nsg15\nS'auth.User'\np174\nssg145\n(dp175\ng13\ng14\nsg169\nI01\nsg15\nS'contenttypes.ContentType'\np176\nssg23\n(dp177\ng13\ng25\nsg26\nI01\nsssg30\n(dp178\ng32\n(lp179\nsg34\nS'django_admin_log'\np180\nsg36\nS''\nsg37\ng23\nssstRp181\n(dp182\ng64\n(lp183\ng157\nasbsS'contenttypes'\np184\ng3\n(g4\ng5\n(dp185\nS'ContentType'\np186\n(dp187\ng9\n(dp188\nS'model'\np189\n(dp190\ng13\ng46\nsg47\nI100\nssS'app_label'\np191\n(dp192\ng13\ng46\nsg47\nI100\nssg23\n(dp193\ng13\ng25\nsg26\nI01\nssg100\n(dp194\ng13\ng46\nsg47\nI100\nsssg30\n(dp195\ng32\n((S'app_label'\nS'model'\nttp196\nsg34\nS'django_content_type'\np197\nsg36\nS''\nsg37\ng23\nssstRp198\n(dp199\ng64\n(lp200\ng186\nasbsS'humanize'\np201\ng3\n(g4\ng5\n(dtRp202\n(dp203\ng64\n(lp204\nsbsS'members'\np205\ng3\n(g4\ng5\n(dp206\nS'Member'\np207\n(dp208\ng9\n(dp209\nS'info'\np210\n(dp211\ng13\ng43\nssS'address'\np212\n(dp213\ng13\ng43\nssg172\n(dp214\ng13\ncdjango.db.models.fields.related\nOneToOneField\np215\nsg102\nI01\nsg15\nS'auth.User'\np216\nssS'member_id'\np217\n(dp218\ng13\ncdjango.db.models.fields\nIntegerField\np219\nssS'position'\np220\n(dp221\ng13\ng46\nsg47\nI2\nssg23\n(dp222\ng13\ng25\nsg26\nI01\nsssg30\n(dp223\ng32\n(lp224\nsg34\nS'members_member'\np225\nsg36\nS''\nsg37\ng23\nsssS'Phone'\np226\n(dp227\ng9\n(dp228\ng11\n(dp229\ng13\ng14\nsg15\nS'members.Member'\np230\nssS'is_primary'\np231\n(dp232\ng13\ng19\nssg23\n(dp233\ng13\ng25\nsg26\nI01\nssS'number'\np234\n(dp235\ng13\ng219\nsssg30\n(dp236\ng32\n(lp237\nsg34\nS'members_phone'\np238\nsg36\nS''\nsg37\ng23\nsssS'Email'\np239\n(dp240\ng9\n(dp241\ng11\n(dp242\ng13\ng14\nsg15\nS'members.Member'\np243\nssg231\n(dp244\ng13\ng19\nssg23\n(dp245\ng13\ng25\nsg26\nI01\nssg212\n(dp246\ng13\ng119\nsg47\nI254\nsssg30\n(dp247\ng32\n(lp248\nsg34\nS'members_email'\np249\nsg36\nS''\nsg37\ng23\nssstRp250\n(dp251\ng64\n(lp252\ng207\nag226\nag239\nasbsS'django_evolution'\np253\ng3\n(g4\ng5\n(dp254\nS'Evolution'\np255\n(dp256\ng9\n(dp257\nS'label'\np258\n(dp259\ng13\ng46\nsg47\nI100\nssS'version'\np260\n(dp261\ng13\ng14\nsg15\nS'django_evolution.Version'\np262\nssg23\n(dp263\ng13\ng25\nsg26\nI01\nssg191\n(dp264\ng13\ng46\nsg47\nI200\nsssg30\n(dp265\ng32\n(lp266\nsg34\nS'django_evolution'\np267\nsg36\nS''\nsg37\ng23\nsssS'Version'\np268\n(dp269\ng9\n(dp270\nS'when'\np271\n(dp272\ng13\ng75\nssg23\n(dp273\ng13\ng25\nsg26\nI01\nssS'signature'\np274\n(dp275\ng13\ng43\nsssg30\n(dp276\ng32\n(lp277\nsg34\nS'django_project_version'\np278\nsg36\nS''\nsg37\ng23\nssstRp279\n(dp280\ng64\n(lp281\ng268\nag255\nasbsS'__version__'\np282\nI1\nsS'events'\np283\ng3\n(g4\ng5\n(dp284\nS'EventRole'\np285\n(dp286\ng9\n(dp287\nS'invited_members'\np288\n(dp289\ng13\ng51\nsg169\nI01\nsg15\nS'members.Member'\np290\nssS'maximum'\np291\n(dp292\ng13\ncdjango.db.models.fields\nSmallIntegerField\np293\nssS'event'\np294\n(dp295\ng13\ng14\nsg15\nS'events.Event'\np296\nssS'minimum'\np297\n(dp298\ng13\ng293\nssS'role'\np299\n(dp300\ng13\ng14\nsg15\nS'events.Role'\np301\nssS'invited_groups'\np302\n(dp303\ng13\ng51\nsg169\nI01\nsg15\nS'groups.Group'\np304\nssS'is_hidden'\np305\n(dp306\ng13\ng19\nssg23\n(dp307\ng13\ng25\nsg26\nI01\nssS'responses'\np308\n(dp309\ng13\ng51\nsg169\nI01\nsg15\nS'members.Member'\np310\nsssg30\n(dp311\ng32\n(lp312\nsg34\nS'events_eventrole'\np313\nsg36\nS''\nsg37\ng23\nsssS'GroupInvitation'\np314\n(dp315\ng9\n(dp316\nS'event_role'\np317\n(dp318\ng13\ng14\nsg15\nS'events.EventRole'\np319\nssg20\n(dp320\ng13\ng14\nsg15\nS'groups.Group'\np321\nssg23\n(dp322\ng13\ng25\nsg26\nI01\nsssg30\n(dp323\ng32\n(lp324\nsg34\nS'events_groupinvitation'\np325\nsg36\nS''\nsg37\ng23\nsssS'Role'\np326\n(dp327\ng9\n(dp328\ng23\n(dp329\ng13\ng25\nsg26\nI01\nssg44\n(dp330\ng13\ng46\nsg47\nI64\nsssg30\n(dp331\ng32\n(lp332\nsg34\nS'events_role'\np333\nsg36\nS''\nsg37\ng23\nsssS'MemberResponse'\np334\n(dp335\ng9\n(dp336\ng11\n(dp337\ng13\ng14\nsg15\nS'members.Member'\np338\nssg317\n(dp339\ng13\ng14\nsg15\nS'events.EventRole'\np340\nssg23\n(dp341\ng13\ng25\nsg26\nI01\nssS'time_responded'\np342\n(dp343\ng13\ng75\nssS'response'\np344\n(dp345\ng13\ng46\nsg47\nI1\nsssg30\n(dp346\ng32\n(lp347\nsg34\nS'events_memberresponse'\np348\nsg36\nS''\nsg37\ng23\nsssS'EventType'\np349\n(dp350\ng9\n(dp351\ng41\n(dp352\ng13\ng43\nssg23\n(dp353\ng13\ng25\nsg26\nI01\nssg44\n(dp354\ng13\ng46\nsg47\nI64\nsssg30\n(dp355\ng32\n(lp356\nsg34\nS'events_eventtype'\np357\nsg36\nS''\nsg37\ng23\nsssS'MemberInvitation'\np358\n(dp359\ng9\n(dp360\ng11\n(dp361\ng13\ng14\nsg15\nS'members.Member'\np362\nssg317\n(dp363\ng13\ng14\nsg15\nS'events.EventRole'\np364\nssg23\n(dp365\ng13\ng25\nsg26\nI01\nsssg30\n(dp366\ng32\n(lp367\nsg34\nS'events_memberinvitation'\np368\nsg36\nS''\nsg37\ng23\nsssS'Event'\np369\n(dp370\ng9\n(dp371\ng41\n(dp372\ng13\ng43\nssg44\n(dp373\ng13\ng46\nsg47\nI64\nssS'date_time_end'\np374\n(dp375\ng13\ng75\nssS'date_time_begin'\np376\n(dp377\ng13\ng75\nssg23\n(dp378\ng13\ng25\nsg26\nI01\nssS'event_type'\np379\n(dp380\ng13\ng14\nsg15\nS'events.EventType'\np381\nsssg30\n(dp382\ng32\n(lp383\nsg34\nS'events_event'\np384\nsg36\nS''\nsg37\ng23\nssstRp385\n(dp386\ng64\n(lp387\ng326\nag349\nag369\nag285\nag314\nag358\nag334\nasbs."
    }
  },
  {
    "pk": 6,
    "model": "django_evolution.version",
    "fields": {
      "when": "2013-04-23T04:16:25.828Z",
      "signature": "(dp1\nS'groups'\np2\nccopy_reg\n_reconstructor\np3\n(cdjango.utils.datastructures\nSortedDict\np4\nc__builtin__\ndict\np5\n(dp6\nS'Membership'\np7\n(dp8\nS'fields'\np9\n(dp10\nS'member'\np11\n(dp12\nS'field_type'\np13\ncdjango.db.models.fields.related\nForeignKey\np14\nsS'related_model'\np15\nS'members.Member'\np16\nssS'is_leader'\np17\n(dp18\ng13\ncdjango.db.models.fields\nBooleanField\np19\nssS'group'\np20\n(dp21\ng13\ng14\nsg15\nS'groups.Group'\np22\nssS'id'\np23\n(dp24\ng13\ncdjango.db.models.fields\nAutoField\np25\nsS'primary_key'\np26\nI01\nssS'date_joined'\np27\n(dp28\ng13\ncdjango.db.models.fields\nDateField\np29\nsssS'meta'\np30\n(dp31\nS'unique_together'\np32\n(lp33\nsS'db_table'\np34\nS'groups_membership'\np35\nsS'db_tablespace'\np36\nS''\nsS'pk_column'\np37\ng23\nsssS'Group'\np38\n(dp39\ng9\n(dp40\nS'description'\np41\n(dp42\ng13\ncdjango.db.models.fields\nTextField\np43\nssS'title'\np44\n(dp45\ng13\ncdjango.db.models.fields\nCharField\np46\nsS'max_length'\np47\nI64\nssg23\n(dp48\ng13\ng25\nsg26\nI01\nssS'members'\np49\n(dp50\ng13\ncdjango.db.models.fields.related\nManyToManyField\np51\nsg15\nS'members.Member'\np52\nssS'slug'\np53\n(dp54\ng13\ncdjango.db.models.fields\nSlugField\np55\nsg47\nI50\nsS'db_index'\np56\nI01\nssS'group_type'\np57\n(dp58\ng13\ng46\nsg47\nI2\nsssg30\n(dp59\ng32\n(lp60\nsg34\nS'groups_group'\np61\nsg36\nS''\nsg37\ng23\nssstRp62\n(dp63\nS'keyOrder'\np64\n(lp65\ng38\nag7\nasbsS'sessions'\np66\ng3\n(g4\ng5\n(dp67\nS'Session'\np68\n(dp69\ng9\n(dp70\nS'session_key'\np71\n(dp72\ng13\ng46\nsg47\nI40\nsg26\nI01\nssS'expire_date'\np73\n(dp74\ng13\ncdjango.db.models.fields\nDateTimeField\np75\nsg56\nI01\nssS'session_data'\np76\n(dp77\ng13\ng43\nsssg30\n(dp78\ng32\n(lp79\nsg34\nS'django_session'\np80\nsg36\nS''\nsg37\ng71\nssstRp81\n(dp82\ng64\n(lp83\ng68\nasbsS'staticfiles'\np84\ng3\n(g4\ng5\n(dtRp85\n(dp86\ng64\n(lp87\nsbsS'messages'\np88\ng3\n(g4\ng5\n(dtRp89\n(dp90\ng64\n(lp91\nsbsS'auth'\np92\ng3\n(g4\ng5\n(dp93\ng38\n(dp94\ng9\n(dp95\nS'permissions'\np96\n(dp97\ng13\ng51\nsg15\nS'auth.Permission'\np98\nssg23\n(dp99\ng13\ng25\nsg26\nI01\nssS'name'\np100\n(dp101\ng47\nI80\nsg13\ng46\nsS'unique'\np102\nI01\nsssg30\n(dp103\ng32\n(lp104\nsg34\nS'auth_group'\np105\nsg36\nS''\nsg37\ng23\nsssS'User'\np106\n(dp107\ng9\n(dp108\nS'username'\np109\n(dp110\ng47\nI30\nsg13\ng46\nsg102\nI01\nssS'first_name'\np111\n(dp112\ng13\ng46\nsg47\nI30\nssS'last_name'\np113\n(dp114\ng13\ng46\nsg47\nI30\nssS'is_active'\np115\n(dp116\ng13\ng19\nssS'email'\np117\n(dp118\ng13\ncdjango.db.models.fields\nEmailField\np119\nsg47\nI75\nssS'is_superuser'\np120\n(dp121\ng13\ng19\nssS'is_staff'\np122\n(dp123\ng13\ng19\nssS'last_login'\np124\n(dp125\ng13\ng75\nssS'groups'\np126\n(dp127\ng13\ng51\nsg15\nS'auth.Group'\np128\nssS'user_permissions'\np129\n(dp130\ng13\ng51\nsg15\nS'auth.Permission'\np131\nssS'password'\np132\n(dp133\ng13\ng46\nsg47\nI128\nssg23\n(dp134\ng13\ng25\nsg26\nI01\nssg27\n(dp135\ng13\ng75\nsssg30\n(dp136\ng32\n(lp137\nsg34\nS'auth_user'\np138\nsg36\nS''\nsg37\ng23\nsssS'Permission'\np139\n(dp140\ng9\n(dp141\nS'codename'\np142\n(dp143\ng13\ng46\nsg47\nI100\nssg23\n(dp144\ng13\ng25\nsg26\nI01\nssS'content_type'\np145\n(dp146\ng13\ng14\nsg15\nS'contenttypes.ContentType'\np147\nssg100\n(dp148\ng13\ng46\nsg47\nI50\nsssg30\n(dp149\ng32\n((S'content_type'\nS'codename'\nttp150\nsg34\nS'auth_permission'\np151\nsg36\nS''\nsg37\ng23\nssstRp152\n(dp153\ng64\n(lp154\ng139\nag38\nag106\nasbsS'admin'\np155\ng3\n(g4\ng5\n(dp156\nS'LogEntry'\np157\n(dp158\ng9\n(dp159\nS'action_flag'\np160\n(dp161\ng13\ncdjango.db.models.fields\nPositiveSmallIntegerField\np162\nssS'action_time'\np163\n(dp164\ng13\ng75\nssS'object_repr'\np165\n(dp166\ng13\ng46\nsg47\nI200\nssS'object_id'\np167\n(dp168\ng13\ng43\nsS'null'\np169\nI01\nssS'change_message'\np170\n(dp171\ng13\ng43\nssS'user'\np172\n(dp173\ng13\ng14\nsg15\nS'auth.User'\np174\nssg145\n(dp175\ng13\ng14\nsg169\nI01\nsg15\nS'contenttypes.ContentType'\np176\nssg23\n(dp177\ng13\ng25\nsg26\nI01\nsssg30\n(dp178\ng32\n(lp179\nsg34\nS'django_admin_log'\np180\nsg36\nS''\nsg37\ng23\nssstRp181\n(dp182\ng64\n(lp183\ng157\nasbsS'contenttypes'\np184\ng3\n(g4\ng5\n(dp185\nS'ContentType'\np186\n(dp187\ng9\n(dp188\nS'model'\np189\n(dp190\ng13\ng46\nsg47\nI100\nssS'app_label'\np191\n(dp192\ng13\ng46\nsg47\nI100\nssg23\n(dp193\ng13\ng25\nsg26\nI01\nssg100\n(dp194\ng13\ng46\nsg47\nI100\nsssg30\n(dp195\ng32\n((S'app_label'\nS'model'\nttp196\nsg34\nS'django_content_type'\np197\nsg36\nS''\nsg37\ng23\nssstRp198\n(dp199\ng64\n(lp200\ng186\nasbsS'humanize'\np201\ng3\n(g4\ng5\n(dtRp202\n(dp203\ng64\n(lp204\nsbsS'members'\np205\ng3\n(g4\ng5\n(dp206\nS'Member'\np207\n(dp208\ng9\n(dp209\nS'info'\np210\n(dp211\ng13\ng43\nssS'address'\np212\n(dp213\ng13\ng43\nssg172\n(dp214\ng13\ncdjango.db.models.fields.related\nOneToOneField\np215\nsg102\nI01\nsg15\nS'auth.User'\np216\nssS'member_id'\np217\n(dp218\ng13\ncdjango.db.models.fields\nIntegerField\np219\nssS'position'\np220\n(dp221\ng13\ng46\nsg47\nI2\nssg23\n(dp222\ng13\ng25\nsg26\nI01\nsssg30\n(dp223\ng32\n(lp224\nsg34\nS'members_member'\np225\nsg36\nS''\nsg37\ng23\nsssS'Phone'\np226\n(dp227\ng9\n(dp228\ng11\n(dp229\ng13\ng14\nsg15\nS'members.Member'\np230\nssS'is_primary'\np231\n(dp232\ng13\ng19\nssg23\n(dp233\ng13\ng25\nsg26\nI01\nssS'number'\np234\n(dp235\ng13\ng219\nsssg30\n(dp236\ng32\n(lp237\nsg34\nS'members_phone'\np238\nsg36\nS''\nsg37\ng23\nsssS'Email'\np239\n(dp240\ng9\n(dp241\ng11\n(dp242\ng13\ng14\nsg15\nS'members.Member'\np243\nssg231\n(dp244\ng13\ng19\nssg23\n(dp245\ng13\ng25\nsg26\nI01\nssg212\n(dp246\ng13\ng119\nsg47\nI254\nsssg30\n(dp247\ng32\n(lp248\nsg34\nS'members_email'\np249\nsg36\nS''\nsg37\ng23\nssstRp250\n(dp251\ng64\n(lp252\ng207\nag226\nag239\nasbsS'django_evolution'\np253\ng3\n(g4\ng5\n(dp254\nS'Evolution'\np255\n(dp256\ng9\n(dp257\nS'label'\np258\n(dp259\ng13\ng46\nsg47\nI100\nssS'version'\np260\n(dp261\ng13\ng14\nsg15\nS'django_evolution.Version'\np262\nssg23\n(dp263\ng13\ng25\nsg26\nI01\nssg191\n(dp264\ng13\ng46\nsg47\nI200\nsssg30\n(dp265\ng32\n(lp266\nsg34\nS'django_evolution'\np267\nsg36\nS''\nsg37\ng23\nsssS'Version'\np268\n(dp269\ng9\n(dp270\nS'when'\np271\n(dp272\ng13\ng75\nssg23\n(dp273\ng13\ng25\nsg26\nI01\nssS'signature'\np274\n(dp275\ng13\ng43\nsssg30\n(dp276\ng32\n(lp277\nsg34\nS'django_project_version'\np278\nsg36\nS''\nsg37\ng23\nssstRp279\n(dp280\ng64\n(lp281\ng268\nag255\nasbsS'__version__'\np282\nI1\nsS'events'\np283\ng3\n(g4\ng5\n(dp284\nS'EventRole'\np285\n(dp286\ng9\n(dp287\nS'invited_members'\np288\n(dp289\ng13\ng51\nsg169\nI01\nsg15\nS'members.Member'\np290\nssS'maximum'\np291\n(dp292\ng13\ncdjango.db.models.fields\nSmallIntegerField\np293\nssS'event'\np294\n(dp295\ng13\ng14\nsg15\nS'events.Event'\np296\nssS'minimum'\np297\n(dp298\ng13\ng293\nssS'role'\np299\n(dp300\ng13\ng14\nsg15\nS'events.Role'\np301\nssS'invited_groups'\np302\n(dp303\ng13\ng51\nsg169\nI01\nsg15\nS'groups.Group'\np304\nssS'is_hidden'\np305\n(dp306\ng13\ng19\nssg23\n(dp307\ng13\ng25\nsg26\nI01\nsssg30\n(dp308\ng32\n(lp309\nsg34\nS'events_eventrole'\np310\nsg36\nS''\nsg37\ng23\nsssS'GroupInvitation'\np311\n(dp312\ng9\n(dp313\nS'event_role'\np314\n(dp315\ng13\ng14\nsg15\nS'events.EventRole'\np316\nssg20\n(dp317\ng13\ng14\nsg15\nS'groups.Group'\np318\nssg23\n(dp319\ng13\ng25\nsg26\nI01\nsssg30\n(dp320\ng32\n(lp321\nsg34\nS'events_groupinvitation'\np322\nsg36\nS''\nsg37\ng23\nsssS'Role'\np323\n(dp324\ng9\n(dp325\ng23\n(dp326\ng13\ng25\nsg26\nI01\nssg44\n(dp327\ng13\ng46\nsg47\nI64\nsssg30\n(dp328\ng32\n(lp329\nsg34\nS'events_role'\np330\nsg36\nS''\nsg37\ng23\nsssS'MemberResponse'\np331\n(dp332\ng9\n(dp333\ng11\n(dp334\ng13\ng14\nsg15\nS'members.Member'\np335\nssg314\n(dp336\ng13\ng14\nsg15\nS'events.EventRole'\np337\nssg23\n(dp338\ng13\ng25\nsg26\nI01\nssS'time_responded'\np339\n(dp340\ng13\ng75\nssS'response'\np341\n(dp342\ng13\ng46\nsg47\nI1\nsssg30\n(dp343\ng32\n(lp344\nsg34\nS'events_memberresponse'\np345\nsg36\nS''\nsg37\ng23\nsssS'EventType'\np346\n(dp347\ng9\n(dp348\ng41\n(dp349\ng13\ng43\nssg23\n(dp350\ng13\ng25\nsg26\nI01\nssg44\n(dp351\ng13\ng46\nsg47\nI64\nsssg30\n(dp352\ng32\n(lp353\nsg34\nS'events_eventtype'\np354\nsg36\nS''\nsg37\ng23\nsssS'MemberInvitation'\np355\n(dp356\ng9\n(dp357\ng11\n(dp358\ng13\ng14\nsg15\nS'members.Member'\np359\nssg314\n(dp360\ng13\ng14\nsg15\nS'events.EventRole'\np361\nssg23\n(dp362\ng13\ng25\nsg26\nI01\nsssg30\n(dp363\ng32\n(lp364\nsg34\nS'events_memberinvitation'\np365\nsg36\nS''\nsg37\ng23\nsssS'Event'\np366\n(dp367\ng9\n(dp368\ng41\n(dp369\ng13\ng43\nssg44\n(dp370\ng13\ng46\nsg47\nI64\nssS'date_time_end'\np371\n(dp372\ng13\ng75\nssS'date_time_begin'\np373\n(dp374\ng13\ng75\nssg23\n(dp375\ng13\ng25\nsg26\nI01\nssS'event_type'\np376\n(dp377\ng13\ng14\nsg15\nS'events.EventType'\np378\nsssg30\n(dp379\ng32\n(lp380\nsg34\nS'events_event'\np381\nsg36\nS''\nsg37\ng23\nssstRp382\n(dp383\ng64\n(lp384\ng323\nag346\nag366\nag285\nag311\nag355\nag331\nasbs."
    }
  },
  {
    "pk": 5,
    "model": "django_evolution.version",
    "fields": {
      "when": "2013-04-23T04:15:37.605Z",
      "signature": "(dp1\nS'members'\np2\nccopy_reg\n_reconstructor\np3\n(cdjango.utils.datastructures\nSortedDict\np4\nc__builtin__\ndict\np5\n(dp6\nS'Member'\np7\n(dp8\nS'fields'\np9\n(dp10\nS'info'\np11\n(dp12\nS'field_type'\np13\ncdjango.db.models.fields\nTextField\np14\nssS'address'\np15\n(dp16\ng13\ng14\nssS'blood_type'\np17\n(dp18\ng13\ncdjango.db.models.fields\nCharField\np19\nsS'max_length'\np20\nI2\nssS'user'\np21\n(dp22\ng13\ncdjango.db.models.fields.related\nOneToOneField\np23\nsS'unique'\np24\nI01\nsS'related_model'\np25\nS'auth.User'\np26\nssS'member_id'\np27\n(dp28\ng13\ncdjango.db.models.fields\nIntegerField\np29\nssS'position'\np30\n(dp31\ng13\ng19\nsg20\nI2\nssS'id'\np32\n(dp33\ng13\ncdjango.db.models.fields\nAutoField\np34\nsS'primary_key'\np35\nI01\nsssS'meta'\np36\n(dp37\nS'unique_together'\np38\n(lp39\nsS'db_table'\np40\nS'members_member'\np41\nsS'db_tablespace'\np42\nS''\nsS'pk_column'\np43\ng32\nsssS'Phone'\np44\n(dp45\ng9\n(dp46\nS'member'\np47\n(dp48\ng13\ncdjango.db.models.fields.related\nForeignKey\np49\nsg25\nS'members.Member'\np50\nssS'is_primary'\np51\n(dp52\ng13\ncdjango.db.models.fields\nBooleanField\np53\nssg32\n(dp54\ng13\ng34\nsg35\nI01\nssS'number'\np55\n(dp56\ng13\ng29\nsssg36\n(dp57\ng38\n(lp58\nsg40\nS'members_phone'\np59\nsg42\nS''\nsg43\ng32\nsssS'Email'\np60\n(dp61\ng9\n(dp62\ng47\n(dp63\ng13\ng49\nsg25\nS'members.Member'\np64\nssg51\n(dp65\ng13\ng53\nssg32\n(dp66\ng13\ng34\nsg35\nI01\nssg15\n(dp67\ng13\ncdjango.db.models.fields\nEmailField\np68\nsg20\nI254\nsssg36\n(dp69\ng38\n(lp70\nsg40\nS'members_email'\np71\nsg42\nS''\nsg43\ng32\nssstRp72\n(dp73\nS'keyOrder'\np74\n(lp75\ng7\nag44\nag60\nasbsS'sessions'\np76\ng3\n(g4\ng5\n(dp77\nS'Session'\np78\n(dp79\ng9\n(dp80\nS'session_key'\np81\n(dp82\ng13\ng19\nsg20\nI40\nsg35\nI01\nssS'session_data'\np83\n(dp84\ng13\ng14\nssS'expire_date'\np85\n(dp86\ng13\ncdjango.db.models.fields\nDateTimeField\np87\nsS'db_index'\np88\nI01\nsssg36\n(dp89\ng38\n(lp90\nsg40\nS'django_session'\np91\nsg42\nS''\nsg43\ng81\nssstRp92\n(dp93\ng74\n(lp94\ng78\nasbsS'staticfiles'\np95\ng3\n(g4\ng5\n(dtRp96\n(dp97\ng74\n(lp98\nsbsS'messages'\np99\ng3\n(g4\ng5\n(dtRp100\n(dp101\ng74\n(lp102\nsbsS'auth'\np103\ng3\n(g4\ng5\n(dp104\nS'Group'\np105\n(dp106\ng9\n(dp107\ng32\n(dp108\ng13\ng34\nsg35\nI01\nssS'name'\np109\n(dp110\ng13\ng19\nsg24\nI01\nsg20\nI80\nssS'permissions'\np111\n(dp112\ng13\ncdjango.db.models.fields.related\nManyToManyField\np113\nsg25\nS'auth.Permission'\np114\nsssg36\n(dp115\ng38\n(lp116\nsg40\nS'auth_group'\np117\nsg42\nS''\nsg43\ng32\nsssS'User'\np118\n(dp119\ng9\n(dp120\nS'username'\np121\n(dp122\ng13\ng19\nsg24\nI01\nsg20\nI30\nssS'first_name'\np123\n(dp124\ng13\ng19\nsg20\nI30\nssS'last_name'\np125\n(dp126\ng13\ng19\nsg20\nI30\nssS'is_active'\np127\n(dp128\ng13\ng53\nssg32\n(dp129\ng13\ng34\nsg35\nI01\nssS'is_superuser'\np130\n(dp131\ng13\ng53\nssS'is_staff'\np132\n(dp133\ng13\ng53\nssS'last_login'\np134\n(dp135\ng13\ng87\nssS'groups'\np136\n(dp137\ng13\ng113\nsg25\nS'auth.Group'\np138\nssS'user_permissions'\np139\n(dp140\ng13\ng113\nsg25\nS'auth.Permission'\np141\nssS'password'\np142\n(dp143\ng13\ng19\nsg20\nI128\nssS'email'\np144\n(dp145\ng13\ng68\nsg20\nI75\nssS'date_joined'\np146\n(dp147\ng13\ng87\nsssg36\n(dp148\ng38\n(lp149\nsg40\nS'auth_user'\np150\nsg42\nS''\nsg43\ng32\nsssS'Permission'\np151\n(dp152\ng9\n(dp153\nS'codename'\np154\n(dp155\ng13\ng19\nsg20\nI100\nssg32\n(dp156\ng13\ng34\nsg35\nI01\nssS'content_type'\np157\n(dp158\ng13\ng49\nsg25\nS'contenttypes.ContentType'\np159\nssg109\n(dp160\ng13\ng19\nsg20\nI50\nsssg36\n(dp161\ng38\n((S'content_type'\nS'codename'\nttp162\nsg40\nS'auth_permission'\np163\nsg42\nS''\nsg43\ng32\nssstRp164\n(dp165\ng74\n(lp166\ng151\nag105\nag118\nasbsS'admin'\np167\ng3\n(g4\ng5\n(dp168\nS'LogEntry'\np169\n(dp170\ng9\n(dp171\nS'action_flag'\np172\n(dp173\ng13\ncdjango.db.models.fields\nPositiveSmallIntegerField\np174\nssS'action_time'\np175\n(dp176\ng13\ng87\nssS'object_repr'\np177\n(dp178\ng13\ng19\nsg20\nI200\nssS'object_id'\np179\n(dp180\ng13\ng14\nsS'null'\np181\nI01\nssS'change_message'\np182\n(dp183\ng13\ng14\nssg21\n(dp184\ng13\ng49\nsg25\nS'auth.User'\np185\nssg157\n(dp186\ng13\ng49\nsg181\nI01\nsg25\nS'contenttypes.ContentType'\np187\nssg32\n(dp188\ng13\ng34\nsg35\nI01\nsssg36\n(dp189\ng38\n(lp190\nsg40\nS'django_admin_log'\np191\nsg42\nS''\nsg43\ng32\nssstRp192\n(dp193\ng74\n(lp194\ng169\nasbsS'contenttypes'\np195\ng3\n(g4\ng5\n(dp196\nS'ContentType'\np197\n(dp198\ng9\n(dp199\nS'model'\np200\n(dp201\ng13\ng19\nsg20\nI100\nssg32\n(dp202\ng13\ng34\nsg35\nI01\nssg109\n(dp203\ng13\ng19\nsg20\nI100\nssS'app_label'\np204\n(dp205\ng13\ng19\nsg20\nI100\nsssg36\n(dp206\ng38\n((S'app_label'\nS'model'\nttp207\nsg40\nS'django_content_type'\np208\nsg42\nS''\nsg43\ng32\nssstRp209\n(dp210\ng74\n(lp211\ng197\nasbsS'humanize'\np212\ng3\n(g4\ng5\n(dtRp213\n(dp214\ng74\n(lp215\nsbsS'groups'\np216\ng3\n(g4\ng5\n(dp217\nS'Membership'\np218\n(dp219\ng9\n(dp220\ng47\n(dp221\ng13\ng49\nsg25\nS'members.Member'\np222\nssg146\n(dp223\ng13\ncdjango.db.models.fields\nDateField\np224\nssS'group'\np225\n(dp226\ng13\ng49\nsg25\nS'groups.Group'\np227\nssS'is_leader'\np228\n(dp229\ng13\ng53\nssg32\n(dp230\ng13\ng34\nsg35\nI01\nsssg36\n(dp231\ng38\n(lp232\nsg40\nS'groups_membership'\np233\nsg42\nS''\nsg43\ng32\nsssg105\n(dp234\ng9\n(dp235\nS'description'\np236\n(dp237\ng13\ng14\nssS'title'\np238\n(dp239\ng13\ng19\nsg20\nI64\nssS'slug'\np240\n(dp241\ng13\ncdjango.db.models.fields\nSlugField\np242\nsg20\nI50\nsg88\nI01\nssS'members'\np243\n(dp244\ng13\ng113\nsg25\nS'members.Member'\np245\nssg32\n(dp246\ng13\ng34\nsg35\nI01\nssS'group_type'\np247\n(dp248\ng13\ng19\nsg20\nI2\nsssg36\n(dp249\ng38\n(lp250\nsg40\nS'groups_group'\np251\nsg42\nS''\nsg43\ng32\nssstRp252\n(dp253\ng74\n(lp254\ng105\nag218\nasbsS'django_evolution'\np255\ng3\n(g4\ng5\n(dp256\nS'Evolution'\np257\n(dp258\ng9\n(dp259\ng204\n(dp260\ng13\ng19\nsg20\nI200\nssS'version'\np261\n(dp262\ng13\ng49\nsg25\nS'django_evolution.Version'\np263\nssg32\n(dp264\ng13\ng34\nsg35\nI01\nssS'label'\np265\n(dp266\ng13\ng19\nsg20\nI100\nsssg36\n(dp267\ng38\n(lp268\nsg40\nS'django_evolution'\np269\nsg42\nS''\nsg43\ng32\nsssS'Version'\np270\n(dp271\ng9\n(dp272\nS'when'\np273\n(dp274\ng13\ng87\nssg32\n(dp275\ng13\ng34\nsg35\nI01\nssS'signature'\np276\n(dp277\ng13\ng14\nsssg36\n(dp278\ng38\n(lp279\nsg40\nS'django_project_version'\np280\nsg42\nS''\nsg43\ng32\nssstRp281\n(dp282\ng74\n(lp283\ng270\nag257\nasbsS'__version__'\np284\nI1\nsS'events'\np285\ng3\n(g4\ng5\n(dp286\nS'EventRole'\np287\n(dp288\ng9\n(dp289\nS'invited_members'\np290\n(dp291\ng13\ng113\nsg181\nI01\nsg25\nS'members.Member'\np292\nssS'maximum'\np293\n(dp294\ng13\ncdjango.db.models.fields\nSmallIntegerField\np295\nssg32\n(dp296\ng13\ng34\nsg35\nI01\nssS'minimum'\np297\n(dp298\ng13\ng295\nssS'role'\np299\n(dp300\ng13\ng49\nsg25\nS'events.Role'\np301\nssS'invited_groups'\np302\n(dp303\ng13\ng113\nsg181\nI01\nsg25\nS'groups.Group'\np304\nssS'event'\np305\n(dp306\ng13\ng49\nsg25\nS'events.Event'\np307\nsssg36\n(dp308\ng38\n(lp309\nsg40\nS'events_eventrole'\np310\nsg42\nS''\nsg43\ng32\nsssS'GroupInvitation'\np311\n(dp312\ng9\n(dp313\nS'event_role'\np314\n(dp315\ng13\ng49\nsg25\nS'events.EventRole'\np316\nssS'is_hidden'\np317\n(dp318\ng13\ng53\nssg225\n(dp319\ng13\ng49\nsg25\nS'groups.Group'\np320\nssg32\n(dp321\ng13\ng34\nsg35\nI01\nsssg36\n(dp322\ng38\n(lp323\nsg40\nS'events_groupinvitation'\np324\nsg42\nS''\nsg43\ng32\nsssS'Role'\np325\n(dp326\ng9\n(dp327\ng32\n(dp328\ng13\ng34\nsg35\nI01\nssg238\n(dp329\ng13\ng19\nsg20\nI64\nsssg36\n(dp330\ng38\n(lp331\nsg40\nS'events_role'\np332\nsg42\nS''\nsg43\ng32\nsssS'EventType'\np333\n(dp334\ng9\n(dp335\ng238\n(dp336\ng13\ng19\nsg20\nI64\nssg236\n(dp337\ng13\ng14\nssg32\n(dp338\ng13\ng34\nsg35\nI01\nsssg36\n(dp339\ng38\n(lp340\nsg40\nS'events_eventtype'\np341\nsg42\nS''\nsg43\ng32\nsssS'MemberResponse'\np342\n(dp343\nS'fields'\np344\n(dp345\nS'member'\np346\n(dp347\nS'field_type'\np348\ng49\nsS'related_model'\np349\nS'members.Member'\np350\nssS'event_role'\np351\n(dp352\ng348\ng49\nsg349\nS'events.EventRole'\np353\nssS'id'\np354\n(dp355\ng348\ng34\nsS'primary_key'\np356\nI01\nssS'time_responded'\np357\n(dp358\ng348\ng87\nssS'response'\np359\n(dp360\ng348\ng19\nsS'max_length'\np361\nI1\nsssS'meta'\np362\n(dp363\nS'unique_together'\np364\n(lp365\nsS'db_table'\np366\nS'events_memberresponse'\np367\nsS'db_tablespace'\np368\nS''\nsS'pk_column'\np369\ng354\nsssS'MemberInvitation'\np370\n(dp371\ng9\n(dp372\ng47\n(dp373\ng13\ng49\nsg25\nS'members.Member'\np374\nssg314\n(dp375\ng13\ng49\nsg25\nS'events.EventRole'\np376\nssg317\n(dp377\ng13\ng53\nssg32\n(dp378\ng13\ng34\nsg35\nI01\nsssg36\n(dp379\ng38\n(lp380\nsg40\nS'events_memberinvitation'\np381\nsg42\nS''\nsg43\ng32\nsssS'Event'\np382\n(dp383\ng9\n(dp384\ng236\n(dp385\ng13\ng14\nssg238\n(dp386\ng13\ng19\nsg20\nI64\nssS'date_time_end'\np387\n(dp388\ng13\ng87\nssS'date_time_begin'\np389\n(dp390\ng13\ng87\nssg32\n(dp391\ng13\ng34\nsg35\nI01\nssS'event_type'\np392\n(dp393\ng13\ng49\nsg25\nS'events.EventType'\np394\nsssg36\n(dp395\ng38\n(lp396\nsg40\nS'events_event'\np397\nsg42\nS''\nsg43\ng32\nssstRp398\n(dp399\ng74\n(lp400\ng325\nag333\nag382\nag287\nag311\nag370\nag342\nasbs."
    }
  },
  {
    "pk": 4,
    "model": "django_evolution.version",
    "fields": {
      "when": "2013-04-01T03:17:38.087Z",
      "signature": "(dp1\nS'groups'\np2\nccopy_reg\n_reconstructor\np3\n(cdjango.utils.datastructures\nSortedDict\np4\nc__builtin__\ndict\np5\n(dp6\nS'Membership'\np7\n(dp8\nS'fields'\np9\n(dp10\nS'member'\np11\n(dp12\nS'field_type'\np13\ncdjango.db.models.fields.related\nForeignKey\np14\nsS'related_model'\np15\nS'members.Member'\np16\nssS'is_leader'\np17\n(dp18\ng13\ncdjango.db.models.fields\nBooleanField\np19\nssS'group'\np20\n(dp21\ng13\ng14\nsg15\nS'groups.Group'\np22\nssS'id'\np23\n(dp24\ng13\ncdjango.db.models.fields\nAutoField\np25\nsS'primary_key'\np26\nI01\nssS'date_joined'\np27\n(dp28\ng13\ncdjango.db.models.fields\nDateField\np29\nsssS'meta'\np30\n(dp31\nS'unique_together'\np32\n(lp33\nsS'db_table'\np34\nS'groups_membership'\np35\nsS'db_tablespace'\np36\nS''\nsS'pk_column'\np37\ng23\nsssS'Group'\np38\n(dp39\ng9\n(dp40\nS'description'\np41\n(dp42\ng13\ncdjango.db.models.fields\nTextField\np43\nssS'title'\np44\n(dp45\ng13\ncdjango.db.models.fields\nCharField\np46\nsS'max_length'\np47\nI64\nssg23\n(dp48\ng13\ng25\nsg26\nI01\nssS'members'\np49\n(dp50\ng13\ncdjango.db.models.fields.related\nManyToManyField\np51\nsg15\nS'members.Member'\np52\nssS'slug'\np53\n(dp54\ng13\ncdjango.db.models.fields\nSlugField\np55\nsg47\nI50\nsS'db_index'\np56\nI01\nssS'group_type'\np57\n(dp58\ng13\ng46\nsg47\nI2\nsssg30\n(dp59\ng32\n(lp60\nsg34\nS'groups_group'\np61\nsg36\nS''\nsg37\ng23\nssstRp62\n(dp63\nS'keyOrder'\np64\n(lp65\ng38\nag7\nasbsS'sessions'\np66\ng3\n(g4\ng5\n(dp67\nS'Session'\np68\n(dp69\ng9\n(dp70\nS'session_key'\np71\n(dp72\ng13\ng46\nsg47\nI40\nsg26\nI01\nssS'expire_date'\np73\n(dp74\ng13\ncdjango.db.models.fields\nDateTimeField\np75\nsg56\nI01\nssS'session_data'\np76\n(dp77\ng13\ng43\nsssg30\n(dp78\ng32\n(lp79\nsg34\nS'django_session'\np80\nsg36\nS''\nsg37\ng71\nssstRp81\n(dp82\ng64\n(lp83\ng68\nasbsS'staticfiles'\np84\ng3\n(g4\ng5\n(dtRp85\n(dp86\ng64\n(lp87\nsbsS'messages'\np88\ng3\n(g4\ng5\n(dtRp89\n(dp90\ng64\n(lp91\nsbsS'auth'\np92\ng3\n(g4\ng5\n(dp93\ng38\n(dp94\ng9\n(dp95\nS'permissions'\np96\n(dp97\ng13\ng51\nsg15\nS'auth.Permission'\np98\nssg23\n(dp99\ng13\ng25\nsg26\nI01\nssS'name'\np100\n(dp101\ng47\nI80\nsg13\ng46\nsS'unique'\np102\nI01\nsssg30\n(dp103\ng32\n(lp104\nsg34\nS'auth_group'\np105\nsg36\nS''\nsg37\ng23\nsssS'User'\np106\n(dp107\ng9\n(dp108\nS'username'\np109\n(dp110\ng47\nI30\nsg13\ng46\nsg102\nI01\nssS'first_name'\np111\n(dp112\ng13\ng46\nsg47\nI30\nssS'last_name'\np113\n(dp114\ng13\ng46\nsg47\nI30\nssS'is_active'\np115\n(dp116\ng13\ng19\nssS'email'\np117\n(dp118\ng13\ncdjango.db.models.fields\nEmailField\np119\nsg47\nI75\nssS'is_superuser'\np120\n(dp121\ng13\ng19\nssS'is_staff'\np122\n(dp123\ng13\ng19\nssS'last_login'\np124\n(dp125\ng13\ng75\nssS'groups'\np126\n(dp127\ng13\ng51\nsg15\nS'auth.Group'\np128\nssS'user_permissions'\np129\n(dp130\ng13\ng51\nsg15\nS'auth.Permission'\np131\nssS'password'\np132\n(dp133\ng13\ng46\nsg47\nI128\nssg23\n(dp134\ng13\ng25\nsg26\nI01\nssg27\n(dp135\ng13\ng75\nsssg30\n(dp136\ng32\n(lp137\nsg34\nS'auth_user'\np138\nsg36\nS''\nsg37\ng23\nsssS'Permission'\np139\n(dp140\ng9\n(dp141\nS'codename'\np142\n(dp143\ng13\ng46\nsg47\nI100\nssg23\n(dp144\ng13\ng25\nsg26\nI01\nssS'content_type'\np145\n(dp146\ng13\ng14\nsg15\nS'contenttypes.ContentType'\np147\nssg100\n(dp148\ng13\ng46\nsg47\nI50\nsssg30\n(dp149\ng32\n((S'content_type'\nS'codename'\nttp150\nsg34\nS'auth_permission'\np151\nsg36\nS''\nsg37\ng23\nssstRp152\n(dp153\ng64\n(lp154\ng139\nag38\nag106\nasbsS'admin'\np155\ng3\n(g4\ng5\n(dp156\nS'LogEntry'\np157\n(dp158\ng9\n(dp159\nS'action_flag'\np160\n(dp161\ng13\ncdjango.db.models.fields\nPositiveSmallIntegerField\np162\nssS'action_time'\np163\n(dp164\ng13\ng75\nssS'object_repr'\np165\n(dp166\ng13\ng46\nsg47\nI200\nssS'object_id'\np167\n(dp168\ng13\ng43\nsS'null'\np169\nI01\nssS'change_message'\np170\n(dp171\ng13\ng43\nssS'user'\np172\n(dp173\ng13\ng14\nsg15\nS'auth.User'\np174\nssg145\n(dp175\ng13\ng14\nsg169\nI01\nsg15\nS'contenttypes.ContentType'\np176\nssg23\n(dp177\ng13\ng25\nsg26\nI01\nsssg30\n(dp178\ng32\n(lp179\nsg34\nS'django_admin_log'\np180\nsg36\nS''\nsg37\ng23\nssstRp181\n(dp182\ng64\n(lp183\ng157\nasbsS'contenttypes'\np184\ng3\n(g4\ng5\n(dp185\nS'ContentType'\np186\n(dp187\ng9\n(dp188\nS'model'\np189\n(dp190\ng13\ng46\nsg47\nI100\nssS'app_label'\np191\n(dp192\ng13\ng46\nsg47\nI100\nssg23\n(dp193\ng13\ng25\nsg26\nI01\nssg100\n(dp194\ng13\ng46\nsg47\nI100\nsssg30\n(dp195\ng32\n((S'app_label'\nS'model'\nttp196\nsg34\nS'django_content_type'\np197\nsg36\nS''\nsg37\ng23\nssstRp198\n(dp199\ng64\n(lp200\ng186\nasbsS'humanize'\np201\ng3\n(g4\ng5\n(dtRp202\n(dp203\ng64\n(lp204\nsbsS'members'\np205\ng3\n(g4\ng5\n(dp206\nS'Member'\np207\n(dp208\ng9\n(dp209\nS'info'\np210\n(dp211\ng13\ng43\nssS'address'\np212\n(dp213\ng13\ng43\nssg23\n(dp214\ng13\ng25\nsg26\nI01\nssg172\n(dp215\ng13\ncdjango.db.models.fields.related\nOneToOneField\np216\nsg102\nI01\nsg15\nS'auth.User'\np217\nssS'member_id'\np218\n(dp219\ng13\ncdjango.db.models.fields\nIntegerField\np220\nssS'position'\np221\n(dp222\ng13\ng46\nsg47\nI2\nssS'blood_type'\np223\n(dp224\ng13\ng46\nsg47\nI2\nsssg30\n(dp225\ng32\n(lp226\nsg34\nS'members_member'\np227\nsg36\nS''\nsg37\ng23\nsssS'Phone'\np228\n(dp229\ng9\n(dp230\ng11\n(dp231\ng13\ng14\nsg15\nS'members.Member'\np232\nssS'is_primary'\np233\n(dp234\ng13\ng19\nssg23\n(dp235\ng13\ng25\nsg26\nI01\nssS'number'\np236\n(dp237\ng13\ng220\nsssg30\n(dp238\ng32\n(lp239\nsg34\nS'members_phone'\np240\nsg36\nS''\nsg37\ng23\nsssS'Email'\np241\n(dp242\ng9\n(dp243\ng11\n(dp244\ng13\ng14\nsg15\nS'members.Member'\np245\nssg233\n(dp246\ng13\ng19\nssg23\n(dp247\ng13\ng25\nsg26\nI01\nssg212\n(dp248\ng13\ng119\nsg47\nI254\nsssg30\n(dp249\ng32\n(lp250\nsg34\nS'members_email'\np251\nsg36\nS''\nsg37\ng23\nssstRp252\n(dp253\ng64\n(lp254\ng207\nag228\nag241\nasbsS'django_evolution'\np255\ng3\n(g4\ng5\n(dp256\nS'Evolution'\np257\n(dp258\ng9\n(dp259\nS'label'\np260\n(dp261\ng13\ng46\nsg47\nI100\nssS'version'\np262\n(dp263\ng13\ng14\nsg15\nS'django_evolution.Version'\np264\nssg23\n(dp265\ng13\ng25\nsg26\nI01\nssg191\n(dp266\ng13\ng46\nsg47\nI200\nsssg30\n(dp267\ng32\n(lp268\nsg34\nS'django_evolution'\np269\nsg36\nS''\nsg37\ng23\nsssS'Version'\np270\n(dp271\ng9\n(dp272\nS'when'\np273\n(dp274\ng13\ng75\nssg23\n(dp275\ng13\ng25\nsg26\nI01\nssS'signature'\np276\n(dp277\ng13\ng43\nsssg30\n(dp278\ng32\n(lp279\nsg34\nS'django_project_version'\np280\nsg36\nS''\nsg37\ng23\nssstRp281\n(dp282\ng64\n(lp283\ng270\nag257\nasbsS'__version__'\np284\nI1\nsS'events'\np285\ng3\n(g4\ng5\n(dp286\nS'EventRole'\np287\n(dp288\ng9\n(dp289\nS'invited_members'\np290\n(dp291\ng13\ng51\nsg169\nI01\nsg15\nS'members.Member'\np292\nssS'maximum'\np293\n(dp294\ng13\ncdjango.db.models.fields\nSmallIntegerField\np295\nssS'event'\np296\n(dp297\ng13\ng14\nsg15\nS'events.Event'\np298\nssS'minimum'\np299\n(dp300\ng13\ng295\nssS'role'\np301\n(dp302\ng13\ng14\nsg15\nS'events.Role'\np303\nssS'invited_groups'\np304\n(dp305\ng13\ng51\nsg169\nI01\nsg15\nS'groups.Group'\np306\nssg23\n(dp307\ng13\ng25\nsg26\nI01\nsssg30\n(dp308\ng32\n(lp309\nsg34\nS'events_eventrole'\np310\nsg36\nS''\nsg37\ng23\nsssS'GroupInvitation'\np311\n(dp312\ng9\n(dp313\nS'event_role'\np314\n(dp315\ng13\ng14\nsg15\nS'events.EventRole'\np316\nssS'is_hidden'\np317\n(dp318\ng13\ng19\nssg20\n(dp319\ng13\ng14\nsg15\nS'groups.Group'\np320\nssg23\n(dp321\ng13\ng25\nsg26\nI01\nsssg30\n(dp322\ng32\n(lp323\nsg34\nS'events_groupinvitation'\np324\nsg36\nS''\nsg37\ng23\nsssS'Role'\np325\n(dp326\ng9\n(dp327\ng23\n(dp328\ng13\ng25\nsg26\nI01\nssg44\n(dp329\ng13\ng46\nsg47\nI64\nsssg30\n(dp330\ng32\n(lp331\nsg34\nS'events_role'\np332\nsg36\nS''\nsg37\ng23\nsssS'EventType'\np333\n(dp334\ng9\n(dp335\ng41\n(dp336\ng13\ng43\nssg23\n(dp337\ng13\ng25\nsg26\nI01\nssg44\n(dp338\ng13\ng46\nsg47\nI64\nsssg30\n(dp339\ng32\n(lp340\nsg34\nS'events_eventtype'\np341\nsg36\nS''\nsg37\ng23\nsssS'MemberInvitation'\np342\n(dp343\ng9\n(dp344\ng11\n(dp345\ng13\ng14\nsg15\nS'members.Member'\np346\nssg314\n(dp347\ng13\ng14\nsg15\nS'events.EventRole'\np348\nssg317\n(dp349\ng13\ng19\nssg23\n(dp350\ng13\ng25\nsg26\nI01\nsssg30\n(dp351\ng32\n(lp352\nsg34\nS'events_memberinvitation'\np353\nsg36\nS''\nsg37\ng23\nsssS'Event'\np354\n(dp355\ng9\n(dp356\ng41\n(dp357\ng13\ng43\nssg44\n(dp358\ng13\ng46\nsg47\nI64\nssS'date_time_end'\np359\n(dp360\ng13\ng75\nssS'date_time_begin'\np361\n(dp362\ng13\ng75\nssg23\n(dp363\ng13\ng25\nsg26\nI01\nssS'event_type'\np364\n(dp365\ng13\ng14\nsg15\nS'events.EventType'\np366\nsssg30\n(dp367\ng32\n(lp368\nsg34\nS'events_event'\np369\nsg36\nS''\nsg37\ng23\nssstRp370\n(dp371\ng64\n(lp372\ng325\nag333\nag354\nag287\nag311\nag342\nasbs."
    }
  },
  {
    "pk": 3,
    "model": "django_evolution.version",
    "fields": {
      "when": "2012-06-17T21:32:19.211Z",
      "signature": "(dp1\nS'members'\np2\nccopy_reg\n_reconstructor\np3\n(cdjango.utils.datastructures\nSortedDict\np4\nc__builtin__\ndict\np5\n(dp6\nS'Member'\np7\n(dp8\nS'fields'\np9\n(dp10\nS'info'\np11\n(dp12\nS'field_type'\np13\ncdjango.db.models.fields\nTextField\np14\nssS'address'\np15\n(dp16\ng13\ng14\nssS'blood_type'\np17\n(dp18\ng13\ncdjango.db.models.fields\nCharField\np19\nsS'max_length'\np20\nI2\nssS'user'\np21\n(dp22\ng13\ncdjango.db.models.fields.related\nOneToOneField\np23\nsS'unique'\np24\nI01\nsS'related_model'\np25\nS'auth.User'\np26\nssS'member_id'\np27\n(dp28\ng13\ncdjango.db.models.fields\nIntegerField\np29\nssS'position'\np30\n(dp31\ng13\ng19\nsg20\nI2\nssS'id'\np32\n(dp33\ng13\ncdjango.db.models.fields\nAutoField\np34\nsS'primary_key'\np35\nI01\nsssS'meta'\np36\n(dp37\nS'unique_together'\np38\n(lp39\nsS'db_table'\np40\nS'members_member'\np41\nsS'db_tablespace'\np42\nS''\nsS'pk_column'\np43\ng32\nsssS'Phone'\np44\n(dp45\ng9\n(dp46\nS'member'\np47\n(dp48\ng13\ncdjango.db.models.fields.related\nForeignKey\np49\nsg25\nS'members.Member'\np50\nssS'is_primary'\np51\n(dp52\ng13\ncdjango.db.models.fields\nBooleanField\np53\nssg32\n(dp54\ng13\ng34\nsg35\nI01\nssS'number'\np55\n(dp56\ng13\ng29\nsssg36\n(dp57\ng38\n(lp58\nsg40\nS'members_phone'\np59\nsg42\nS''\nsg43\ng32\nsssS'Email'\np60\n(dp61\ng9\n(dp62\ng47\n(dp63\ng13\ng49\nsg25\nS'members.Member'\np64\nssg51\n(dp65\ng13\ng53\nssg32\n(dp66\ng13\ng34\nsg35\nI01\nssg15\n(dp67\ng13\ncdjango.db.models.fields\nEmailField\np68\nsg20\nI254\nsssg36\n(dp69\ng38\n(lp70\nsg40\nS'members_email'\np71\nsg42\nS''\nsg43\ng32\nssstRp72\n(dp73\nS'keyOrder'\np74\n(lp75\ng7\nag44\nag60\nasbsS'sessions'\np76\ng3\n(g4\ng5\n(dp77\nS'Session'\np78\n(dp79\ng9\n(dp80\nS'session_key'\np81\n(dp82\ng13\ng19\nsg20\nI40\nsg35\nI01\nssS'session_data'\np83\n(dp84\ng13\ng14\nssS'expire_date'\np85\n(dp86\ng13\ncdjango.db.models.fields\nDateTimeField\np87\nsS'db_index'\np88\nI01\nsssg36\n(dp89\ng38\n(lp90\nsg40\nS'django_session'\np91\nsg42\nS''\nsg43\ng81\nssstRp92\n(dp93\ng74\n(lp94\ng78\nasbsS'staticfiles'\np95\ng3\n(g4\ng5\n(dtRp96\n(dp97\ng74\n(lp98\nsbsS'messages'\np99\ng3\n(g4\ng5\n(dtRp100\n(dp101\ng74\n(lp102\nsbsS'auth'\np103\ng3\n(g4\ng5\n(dp104\nS'Group'\np105\n(dp106\ng9\n(dp107\ng32\n(dp108\ng13\ng34\nsg35\nI01\nssS'name'\np109\n(dp110\ng13\ng19\nsg24\nI01\nsg20\nI80\nssS'permissions'\np111\n(dp112\ng13\ncdjango.db.models.fields.related\nManyToManyField\np113\nsg25\nS'auth.Permission'\np114\nsssg36\n(dp115\ng38\n(lp116\nsg40\nS'auth_group'\np117\nsg42\nS''\nsg43\ng32\nsssS'User'\np118\n(dp119\ng9\n(dp120\nS'username'\np121\n(dp122\ng13\ng19\nsg24\nI01\nsg20\nI30\nssS'first_name'\np123\n(dp124\ng13\ng19\nsg20\nI30\nssS'last_name'\np125\n(dp126\ng13\ng19\nsg20\nI30\nssS'is_active'\np127\n(dp128\ng13\ng53\nssg32\n(dp129\ng13\ng34\nsg35\nI01\nssS'is_superuser'\np130\n(dp131\ng13\ng53\nssS'is_staff'\np132\n(dp133\ng13\ng53\nssS'last_login'\np134\n(dp135\ng13\ng87\nssS'groups'\np136\n(dp137\ng13\ng113\nsg25\nS'auth.Group'\np138\nssS'user_permissions'\np139\n(dp140\ng13\ng113\nsg25\nS'auth.Permission'\np141\nssS'password'\np142\n(dp143\ng13\ng19\nsg20\nI128\nssS'email'\np144\n(dp145\ng13\ng68\nsg20\nI75\nssS'date_joined'\np146\n(dp147\ng13\ng87\nsssg36\n(dp148\ng38\n(lp149\nsg40\nS'auth_user'\np150\nsg42\nS''\nsg43\ng32\nsssS'Permission'\np151\n(dp152\ng9\n(dp153\nS'codename'\np154\n(dp155\ng13\ng19\nsg20\nI100\nssg32\n(dp156\ng13\ng34\nsg35\nI01\nssS'content_type'\np157\n(dp158\ng13\ng49\nsg25\nS'contenttypes.ContentType'\np159\nssg109\n(dp160\ng13\ng19\nsg20\nI50\nsssg36\n(dp161\ng38\n((S'content_type'\nS'codename'\nttp162\nsg40\nS'auth_permission'\np163\nsg42\nS''\nsg43\ng32\nssstRp164\n(dp165\ng74\n(lp166\ng151\nag105\nag118\nasbsS'admin'\np167\ng3\n(g4\ng5\n(dp168\nS'LogEntry'\np169\n(dp170\ng9\n(dp171\nS'action_flag'\np172\n(dp173\ng13\ncdjango.db.models.fields\nPositiveSmallIntegerField\np174\nssS'action_time'\np175\n(dp176\ng13\ng87\nssS'object_repr'\np177\n(dp178\ng13\ng19\nsg20\nI200\nssS'object_id'\np179\n(dp180\ng13\ng14\nsS'null'\np181\nI01\nssS'change_message'\np182\n(dp183\ng13\ng14\nssg21\n(dp184\ng13\ng49\nsg25\nS'auth.User'\np185\nssg157\n(dp186\ng13\ng49\nsg181\nI01\nsg25\nS'contenttypes.ContentType'\np187\nssg32\n(dp188\ng13\ng34\nsg35\nI01\nsssg36\n(dp189\ng38\n(lp190\nsg40\nS'django_admin_log'\np191\nsg42\nS''\nsg43\ng32\nssstRp192\n(dp193\ng74\n(lp194\ng169\nasbsS'contenttypes'\np195\ng3\n(g4\ng5\n(dp196\nS'ContentType'\np197\n(dp198\ng9\n(dp199\nS'model'\np200\n(dp201\ng13\ng19\nsg20\nI100\nssg32\n(dp202\ng13\ng34\nsg35\nI01\nssg109\n(dp203\ng13\ng19\nsg20\nI100\nssS'app_label'\np204\n(dp205\ng13\ng19\nsg20\nI100\nsssg36\n(dp206\ng38\n((S'app_label'\nS'model'\nttp207\nsg40\nS'django_content_type'\np208\nsg42\nS''\nsg43\ng32\nssstRp209\n(dp210\ng74\n(lp211\ng197\nasbsS'humanize'\np212\ng3\n(g4\ng5\n(dtRp213\n(dp214\ng74\n(lp215\nsbsS'groups'\np216\ng3\n(g4\ng5\n(dp217\nS'Membership'\np218\n(dp219\ng9\n(dp220\ng47\n(dp221\ng13\ng49\nsg25\nS'members.Member'\np222\nssg146\n(dp223\ng13\ncdjango.db.models.fields\nDateField\np224\nssS'group'\np225\n(dp226\ng13\ng49\nsg25\nS'groups.Group'\np227\nssS'is_leader'\np228\n(dp229\ng13\ng53\nssg32\n(dp230\ng13\ng34\nsg35\nI01\nsssg36\n(dp231\ng38\n(lp232\nsg40\nS'groups_membership'\np233\nsg42\nS''\nsg43\ng32\nsssg105\n(dp234\ng9\n(dp235\nS'description'\np236\n(dp237\ng13\ng14\nssS'title'\np238\n(dp239\ng13\ng19\nsg20\nI64\nssS'slug'\np240\n(dp241\ng13\ncdjango.db.models.fields\nSlugField\np242\nsg20\nI50\nsg88\nI01\nssS'members'\np243\n(dp244\ng13\ng113\nsg25\nS'members.Member'\np245\nssg32\n(dp246\ng13\ng34\nsg35\nI01\nssS'group_type'\np247\n(dp248\ng13\ng19\nsg20\nI2\nsssg36\n(dp249\ng38\n(lp250\nsg40\nS'groups_group'\np251\nsg42\nS''\nsg43\ng32\nssstRp252\n(dp253\ng74\n(lp254\ng105\nag218\nasbsS'django_evolution'\np255\ng3\n(g4\ng5\n(dp256\nS'Evolution'\np257\n(dp258\ng9\n(dp259\ng204\n(dp260\ng13\ng19\nsg20\nI200\nssS'version'\np261\n(dp262\ng13\ng49\nsg25\nS'django_evolution.Version'\np263\nssg32\n(dp264\ng13\ng34\nsg35\nI01\nssS'label'\np265\n(dp266\ng13\ng19\nsg20\nI100\nsssg36\n(dp267\ng38\n(lp268\nsg40\nS'django_evolution'\np269\nsg42\nS''\nsg43\ng32\nsssS'Version'\np270\n(dp271\ng9\n(dp272\nS'when'\np273\n(dp274\ng13\ng87\nssg32\n(dp275\ng13\ng34\nsg35\nI01\nssS'signature'\np276\n(dp277\ng13\ng14\nsssg36\n(dp278\ng38\n(lp279\nsg40\nS'django_project_version'\np280\nsg42\nS''\nsg43\ng32\nssstRp281\n(dp282\ng74\n(lp283\ng270\nag257\nasbsS'__version__'\np284\nI1\nsS'native_tags'\np285\ng3\n(g4\ng5\n(dtRp286\n(dp287\ng74\n(lp288\nsbsS'events'\np289\ng3\n(g4\ng5\n(dp290\nS'EventRole'\np291\n(dp292\ng9\n(dp293\nS'invited_members'\np294\n(dp295\ng13\ng113\nsg25\nS'members.Member'\np296\nssS'maximum'\np297\n(dp298\ng13\ncdjango.db.models.fields\nSmallIntegerField\np299\nssg32\n(dp300\ng13\ng34\nsg35\nI01\nssS'minimum'\np301\n(dp302\ng13\ng299\nssS'role'\np303\n(dp304\ng13\ng49\nsg25\nS'events.Role'\np305\nssS'invited_groups'\np306\n(dp307\ng13\ng113\nsg25\nS'groups.Group'\np308\nssS'event'\np309\n(dp310\ng13\ng49\nsg25\nS'events.Event'\np311\nsssg36\n(dp312\ng38\n(lp313\nsg40\nS'events_eventrole'\np314\nsg42\nS''\nsg43\ng32\nsssS'GroupInvitation'\np315\n(dp316\ng9\n(dp317\nS'event_role'\np318\n(dp319\ng13\ng49\nsg25\nS'events.EventRole'\np320\nssS'is_hidden'\np321\n(dp322\ng13\ng53\nssg225\n(dp323\ng13\ng49\nsg25\nS'groups.Group'\np324\nssg32\n(dp325\ng13\ng34\nsg35\nI01\nsssg36\n(dp326\ng38\n(lp327\nsg40\nS'events_groupinvitation'\np328\nsg42\nS''\nsg43\ng32\nsssS'Role'\np329\n(dp330\ng9\n(dp331\ng32\n(dp332\ng13\ng34\nsg35\nI01\nssg238\n(dp333\ng13\ng19\nsg20\nI64\nsssg36\n(dp334\ng38\n(lp335\nsg40\nS'events_role'\np336\nsg42\nS''\nsg43\ng32\nsssS'EventType'\np337\n(dp338\ng9\n(dp339\ng238\n(dp340\ng13\ng19\nsg20\nI64\nssg236\n(dp341\ng13\ng14\nssg32\n(dp342\ng13\ng34\nsg35\nI01\nsssg36\n(dp343\ng38\n(lp344\nsg40\nS'events_eventtype'\np345\nsg42\nS''\nsg43\ng32\nsssS'MemberInvitation'\np346\n(dp347\ng9\n(dp348\ng47\n(dp349\ng13\ng49\nsg25\nS'members.Member'\np350\nssg318\n(dp351\ng13\ng49\nsg25\nS'events.EventRole'\np352\nssg321\n(dp353\ng13\ng53\nssg32\n(dp354\ng13\ng34\nsg35\nI01\nsssg36\n(dp355\ng38\n(lp356\nsg40\nS'events_memberinvitation'\np357\nsg42\nS''\nsg43\ng32\nsssS'Event'\np358\n(dp359\ng9\n(dp360\ng236\n(dp361\ng13\ng14\nssg238\n(dp362\ng13\ng19\nsg20\nI64\nssS'date_time_end'\np363\n(dp364\ng13\ng87\nssS'date_time_begin'\np365\n(dp366\ng13\ng87\nssg32\n(dp367\ng13\ng34\nsg35\nI01\nssS'event_type'\np368\n(dp369\ng13\ng49\nsg25\nS'events.EventType'\np370\nsssg36\n(dp371\ng38\n(lp372\nsg40\nS'events_event'\np373\nsg42\nS''\nsg43\ng32\nssstRp374\n(dp375\ng74\n(lp376\ng329\nag337\nag358\nag291\nag315\nag346\nasbs."
    }
  },
  {
    "pk": 2,
    "model": "django_evolution.version",
    "fields": {
      "when": "2012-05-31T23:45:03.415Z",
      "signature": "(dp1\nS'groups'\np2\nccopy_reg\n_reconstructor\np3\n(cdjango.utils.datastructures\nSortedDict\np4\nc__builtin__\ndict\np5\n(dp6\nS'Membership'\np7\n(dp8\nS'fields'\np9\n(dp10\nS'member'\np11\n(dp12\nS'field_type'\np13\ncdjango.db.models.fields.related\nForeignKey\np14\nsS'related_model'\np15\nS'members.Member'\np16\nssS'is_leader'\np17\n(dp18\ng13\ncdjango.db.models.fields\nBooleanField\np19\nssS'group'\np20\n(dp21\ng13\ng14\nsg15\nS'groups.Group'\np22\nssS'id'\np23\n(dp24\ng13\ncdjango.db.models.fields\nAutoField\np25\nsS'primary_key'\np26\nI01\nssS'date_joined'\np27\n(dp28\ng13\ncdjango.db.models.fields\nDateField\np29\nsssS'meta'\np30\n(dp31\nS'unique_together'\np32\n(lp33\nsS'db_table'\np34\nS'groups_membership'\np35\nsS'db_tablespace'\np36\nS''\nsS'pk_column'\np37\ng23\nsssS'Group'\np38\n(dp39\ng9\n(dp40\nS'description'\np41\n(dp42\ng13\ncdjango.db.models.fields\nTextField\np43\nssS'title'\np44\n(dp45\ng13\ncdjango.db.models.fields\nCharField\np46\nsS'max_length'\np47\nI64\nssg23\n(dp48\ng13\ng25\nsg26\nI01\nssS'members'\np49\n(dp50\ng13\ncdjango.db.models.fields.related\nManyToManyField\np51\nsg15\nS'members.Member'\np52\nssS'slug'\np53\n(dp54\ng13\ncdjango.db.models.fields\nSlugField\np55\nsg47\nI50\nsS'db_index'\np56\nI01\nssS'group_type'\np57\n(dp58\ng13\ng46\nsg47\nI2\nsssg30\n(dp59\ng32\n(lp60\nsg34\nS'groups_group'\np61\nsg36\nS''\nsg37\ng23\nssstRp62\n(dp63\nS'keyOrder'\np64\n(lp65\ng38\nag7\nasbsS'sessions'\np66\ng3\n(g4\ng5\n(dp67\nS'Session'\np68\n(dp69\ng9\n(dp70\nS'session_key'\np71\n(dp72\ng13\ng46\nsg47\nI40\nsg26\nI01\nssS'expire_date'\np73\n(dp74\ng13\ncdjango.db.models.fields\nDateTimeField\np75\nsg56\nI01\nssS'session_data'\np76\n(dp77\ng13\ng43\nsssg30\n(dp78\ng32\n(lp79\nsg34\nS'django_session'\np80\nsg36\nS''\nsg37\ng71\nssstRp81\n(dp82\ng64\n(lp83\ng68\nasbsS'staticfiles'\np84\ng3\n(g4\ng5\n(dtRp85\n(dp86\ng64\n(lp87\nsbsS'messages'\np88\ng3\n(g4\ng5\n(dtRp89\n(dp90\ng64\n(lp91\nsbsS'auth'\np92\ng3\n(g4\ng5\n(dp93\ng38\n(dp94\ng9\n(dp95\nS'permissions'\np96\n(dp97\ng13\ng51\nsg15\nS'auth.Permission'\np98\nssg23\n(dp99\ng13\ng25\nsg26\nI01\nssS'name'\np100\n(dp101\ng47\nI80\nsg13\ng46\nsS'unique'\np102\nI01\nsssg30\n(dp103\ng32\n(lp104\nsg34\nS'auth_group'\np105\nsg36\nS''\nsg37\ng23\nsssS'User'\np106\n(dp107\ng9\n(dp108\nS'username'\np109\n(dp110\ng47\nI30\nsg13\ng46\nsg102\nI01\nssS'first_name'\np111\n(dp112\ng13\ng46\nsg47\nI30\nssS'last_name'\np113\n(dp114\ng13\ng46\nsg47\nI30\nssS'is_active'\np115\n(dp116\ng13\ng19\nssS'email'\np117\n(dp118\ng13\ncdjango.db.models.fields\nEmailField\np119\nsg47\nI75\nssS'is_superuser'\np120\n(dp121\ng13\ng19\nssS'is_staff'\np122\n(dp123\ng13\ng19\nssS'last_login'\np124\n(dp125\ng13\ng75\nssS'groups'\np126\n(dp127\ng13\ng51\nsg15\nS'auth.Group'\np128\nssS'user_permissions'\np129\n(dp130\ng13\ng51\nsg15\nS'auth.Permission'\np131\nssS'password'\np132\n(dp133\ng13\ng46\nsg47\nI128\nssg23\n(dp134\ng13\ng25\nsg26\nI01\nssg27\n(dp135\ng13\ng75\nsssg30\n(dp136\ng32\n(lp137\nsg34\nS'auth_user'\np138\nsg36\nS''\nsg37\ng23\nsssS'Permission'\np139\n(dp140\ng9\n(dp141\nS'codename'\np142\n(dp143\ng13\ng46\nsg47\nI100\nssg23\n(dp144\ng13\ng25\nsg26\nI01\nssS'content_type'\np145\n(dp146\ng13\ng14\nsg15\nS'contenttypes.ContentType'\np147\nssg100\n(dp148\ng13\ng46\nsg47\nI50\nsssg30\n(dp149\ng32\n((S'content_type'\nS'codename'\nttp150\nsg34\nS'auth_permission'\np151\nsg36\nS''\nsg37\ng23\nssstRp152\n(dp153\ng64\n(lp154\ng139\nag38\nag106\nasbsS'admin'\np155\ng3\n(g4\ng5\n(dp156\nS'LogEntry'\np157\n(dp158\ng9\n(dp159\nS'action_flag'\np160\n(dp161\ng13\ncdjango.db.models.fields\nPositiveSmallIntegerField\np162\nssS'action_time'\np163\n(dp164\ng13\ng75\nssS'object_repr'\np165\n(dp166\ng13\ng46\nsg47\nI200\nssS'object_id'\np167\n(dp168\ng13\ng43\nsS'null'\np169\nI01\nssS'change_message'\np170\n(dp171\ng13\ng43\nssS'user'\np172\n(dp173\ng13\ng14\nsg15\nS'auth.User'\np174\nssg145\n(dp175\ng13\ng14\nsg169\nI01\nsg15\nS'contenttypes.ContentType'\np176\nssg23\n(dp177\ng13\ng25\nsg26\nI01\nsssg30\n(dp178\ng32\n(lp179\nsg34\nS'django_admin_log'\np180\nsg36\nS''\nsg37\ng23\nssstRp181\n(dp182\ng64\n(lp183\ng157\nasbsS'contenttypes'\np184\ng3\n(g4\ng5\n(dp185\nS'ContentType'\np186\n(dp187\ng9\n(dp188\nS'model'\np189\n(dp190\ng13\ng46\nsg47\nI100\nssS'app_label'\np191\n(dp192\ng13\ng46\nsg47\nI100\nssg23\n(dp193\ng13\ng25\nsg26\nI01\nssg100\n(dp194\ng13\ng46\nsg47\nI100\nsssg30\n(dp195\ng32\n((S'app_label'\nS'model'\nttp196\nsg34\nS'django_content_type'\np197\nsg36\nS''\nsg37\ng23\nssstRp198\n(dp199\ng64\n(lp200\ng186\nasbsS'humanize'\np201\ng3\n(g4\ng5\n(dtRp202\n(dp203\ng64\n(lp204\nsbsS'members'\np205\ng3\n(g4\ng5\n(dp206\nS'Member'\np207\n(dp208\ng9\n(dp209\nS'info'\np210\n(dp211\ng13\ng43\nssS'address'\np212\n(dp213\ng13\ng43\nssg23\n(dp214\ng13\ng25\nsg26\nI01\nssg172\n(dp215\ng13\ncdjango.db.models.fields.related\nOneToOneField\np216\nsg102\nI01\nsg15\nS'auth.User'\np217\nssS'member_id'\np218\n(dp219\ng13\ncdjango.db.models.fields\nIntegerField\np220\nssS'position'\np221\n(dp222\ng13\ng46\nsg47\nI2\nssS'blood_type'\np223\n(dp224\ng13\ng46\nsg47\nI2\nsssg30\n(dp225\ng32\n(lp226\nsg34\nS'members_member'\np227\nsg36\nS''\nsg37\ng23\nsssS'Phone'\np228\n(dp229\ng9\n(dp230\ng11\n(dp231\ng13\ng14\nsg15\nS'members.Member'\np232\nssS'is_primary'\np233\n(dp234\ng13\ng19\nssg23\n(dp235\ng13\ng25\nsg26\nI01\nssS'number'\np236\n(dp237\ng13\ng220\nsssg30\n(dp238\ng32\n(lp239\nsg34\nS'members_phone'\np240\nsg36\nS''\nsg37\ng23\nsssS'Email'\np241\n(dp242\ng9\n(dp243\ng11\n(dp244\ng13\ng14\nsg15\nS'members.Member'\np245\nssg233\n(dp246\ng13\ng19\nssg23\n(dp247\ng13\ng25\nsg26\nI01\nssg212\n(dp248\ng13\ng119\nsg47\nI254\nsssg30\n(dp249\ng32\n(lp250\nsg34\nS'members_email'\np251\nsg36\nS''\nsg37\ng23\nssstRp252\n(dp253\ng64\n(lp254\ng207\nag228\nag241\nasbsS'django_evolution'\np255\ng3\n(g4\ng5\n(dp256\nS'Evolution'\np257\n(dp258\ng9\n(dp259\nS'label'\np260\n(dp261\ng13\ng46\nsg47\nI100\nssS'version'\np262\n(dp263\ng13\ng14\nsg15\nS'django_evolution.Version'\np264\nssg23\n(dp265\ng13\ng25\nsg26\nI01\nssg191\n(dp266\ng13\ng46\nsg47\nI200\nsssg30\n(dp267\ng32\n(lp268\nsg34\nS'django_evolution'\np269\nsg36\nS''\nsg37\ng23\nsssS'Version'\np270\n(dp271\ng9\n(dp272\nS'when'\np273\n(dp274\ng13\ng75\nssg23\n(dp275\ng13\ng25\nsg26\nI01\nssS'signature'\np276\n(dp277\ng13\ng43\nsssg30\n(dp278\ng32\n(lp279\nsg34\nS'django_project_version'\np280\nsg36\nS''\nsg37\ng23\nssstRp281\n(dp282\ng64\n(lp283\ng270\nag257\nasbsS'__version__'\np284\nI1\nsS'events'\np285\ng3\n(g4\ng5\n(dp286\nS'EventRole'\np287\n(dp288\ng9\n(dp289\nS'invited_members'\np290\n(dp291\ng13\ng51\nsg15\nS'members.Member'\np292\nssS'maximum'\np293\n(dp294\ng13\ncdjango.db.models.fields\nSmallIntegerField\np295\nssS'event'\np296\n(dp297\ng13\ng14\nsg15\nS'events.Event'\np298\nssS'minimum'\np299\n(dp300\ng13\ng295\nssS'role'\np301\n(dp302\ng13\ng14\nsg15\nS'events.Role'\np303\nssS'invited_groups'\np304\n(dp305\ng13\ng51\nsg15\nS'groups.Group'\np306\nssg23\n(dp307\ng13\ng25\nsg26\nI01\nsssg30\n(dp308\ng32\n(lp309\nsg34\nS'events_eventrole'\np310\nsg36\nS''\nsg37\ng23\nsssS'GroupInvitation'\np311\n(dp312\ng9\n(dp313\nS'event_role'\np314\n(dp315\ng13\ng14\nsg15\nS'events.EventRole'\np316\nssS'is_hidden'\np317\n(dp318\ng13\ng19\nssg20\n(dp319\ng13\ng14\nsg15\nS'groups.Group'\np320\nssg23\n(dp321\ng13\ng25\nsg26\nI01\nsssg30\n(dp322\ng32\n(lp323\nsg34\nS'events_groupinvitation'\np324\nsg36\nS''\nsg37\ng23\nsssS'Role'\np325\n(dp326\ng9\n(dp327\ng23\n(dp328\ng13\ng25\nsg26\nI01\nssg44\n(dp329\ng13\ng46\nsg47\nI64\nsssg30\n(dp330\ng32\n(lp331\nsg34\nS'events_role'\np332\nsg36\nS''\nsg37\ng23\nsssS'EventType'\np333\n(dp334\ng9\n(dp335\ng41\n(dp336\ng13\ng43\nssg23\n(dp337\ng13\ng25\nsg26\nI01\nssg44\n(dp338\ng13\ng46\nsg47\nI64\nsssg30\n(dp339\ng32\n(lp340\nsg34\nS'events_eventtype'\np341\nsg36\nS''\nsg37\ng23\nsssS'MemberInvitation'\np342\n(dp343\ng9\n(dp344\ng11\n(dp345\ng13\ng14\nsg15\nS'members.Member'\np346\nssg314\n(dp347\ng13\ng14\nsg15\nS'events.EventRole'\np348\nssg317\n(dp349\ng13\ng19\nssg23\n(dp350\ng13\ng25\nsg26\nI01\nsssg30\n(dp351\ng32\n(lp352\nsg34\nS'events_memberinvitation'\np353\nsg36\nS''\nsg37\ng23\nsssS'Event'\np354\n(dp355\ng9\n(dp356\ng41\n(dp357\ng13\ng43\nssg44\n(dp358\ng13\ng46\nsg47\nI64\nssS'date_time_end'\np359\n(dp360\ng13\ng75\nssS'date_time_begin'\np361\n(dp362\ng13\ng75\nssg23\n(dp363\ng13\ng25\nsg26\nI01\nssS'event_type'\np364\n(dp365\ng13\ng14\nsg15\nS'events.EventType'\np366\nsssg30\n(dp367\ng32\n(lp368\nsg34\nS'events_event'\np369\nsg36\nS''\nsg37\ng23\nssstRp370\n(dp371\ng64\n(lp372\ng325\nag333\nag354\nag287\nag311\nag342\nasbs."
    }
  },
  {
    "pk": 1,
    "model": "django_evolution.version",
    "fields": {
      "when": "2012-05-31T23:42:01.744Z",
      "signature": "(dp1\nS'groups'\np2\nccopy_reg\n_reconstructor\np3\n(cdjango.utils.datastructures\nSortedDict\np4\nc__builtin__\ndict\np5\n(dp6\nS'Membership'\np7\n(dp8\nS'fields'\np9\n(dp10\nS'member'\np11\n(dp12\nS'field_type'\np13\ncdjango.db.models.fields.related\nForeignKey\np14\nsS'related_model'\np15\nS'members.Member'\np16\nssS'is_leader'\np17\n(dp18\ng13\ncdjango.db.models.fields\nBooleanField\np19\nssS'group'\np20\n(dp21\ng13\ng14\nsg15\nS'groups.Group'\np22\nssS'id'\np23\n(dp24\ng13\ncdjango.db.models.fields\nAutoField\np25\nsS'primary_key'\np26\nI01\nssS'date_joined'\np27\n(dp28\ng13\ncdjango.db.models.fields\nDateField\np29\nsssS'meta'\np30\n(dp31\nS'unique_together'\np32\n(lp33\nsS'db_table'\np34\nS'groups_membership'\np35\nsS'db_tablespace'\np36\nS''\nsS'pk_column'\np37\ng23\nsssS'Group'\np38\n(dp39\ng9\n(dp40\nS'members'\np41\n(dp42\ng13\ncdjango.db.models.fields.related\nManyToManyField\np43\nsg15\nS'members.Member'\np44\nssS'description'\np45\n(dp46\ng13\ncdjango.db.models.fields\nTextField\np47\nssg23\n(dp48\ng13\ng25\nsg26\nI01\nssS'group_type'\np49\n(dp50\ng13\ncdjango.db.models.fields\nCharField\np51\nsS'max_length'\np52\nI2\nssS'title'\np53\n(dp54\ng13\ng51\nsg52\nI64\nsssg30\n(dp55\ng32\n(lp56\nsg34\nS'groups_group'\np57\nsg36\nS''\nsg37\ng23\nssstRp58\n(dp59\nS'keyOrder'\np60\n(lp61\ng38\nag7\nasbsS'sessions'\np62\ng3\n(g4\ng5\n(dp63\nS'Session'\np64\n(dp65\ng9\n(dp66\nS'session_key'\np67\n(dp68\ng13\ng51\nsg52\nI40\nsg26\nI01\nssS'expire_date'\np69\n(dp70\ng13\ncdjango.db.models.fields\nDateTimeField\np71\nsS'db_index'\np72\nI01\nssS'session_data'\np73\n(dp74\ng13\ng47\nsssg30\n(dp75\ng32\n(lp76\nsg34\nS'django_session'\np77\nsg36\nS''\nsg37\ng67\nssstRp78\n(dp79\ng60\n(lp80\ng64\nasbsS'staticfiles'\np81\ng3\n(g4\ng5\n(dtRp82\n(dp83\ng60\n(lp84\nsbsS'messages'\np85\ng3\n(g4\ng5\n(dtRp86\n(dp87\ng60\n(lp88\nsbsS'auth'\np89\ng3\n(g4\ng5\n(dp90\ng38\n(dp91\ng9\n(dp92\nS'permissions'\np93\n(dp94\ng13\ng43\nsg15\nS'auth.Permission'\np95\nssg23\n(dp96\ng13\ng25\nsg26\nI01\nssS'name'\np97\n(dp98\ng52\nI80\nsg13\ng51\nsS'unique'\np99\nI01\nsssg30\n(dp100\ng32\n(lp101\nsg34\nS'auth_group'\np102\nsg36\nS''\nsg37\ng23\nsssS'User'\np103\n(dp104\ng9\n(dp105\nS'username'\np106\n(dp107\ng52\nI30\nsg13\ng51\nsg99\nI01\nssS'first_name'\np108\n(dp109\ng13\ng51\nsg52\nI30\nssS'last_name'\np110\n(dp111\ng13\ng51\nsg52\nI30\nssS'is_active'\np112\n(dp113\ng13\ng19\nssS'email'\np114\n(dp115\ng13\ncdjango.db.models.fields\nEmailField\np116\nsg52\nI75\nssS'is_superuser'\np117\n(dp118\ng13\ng19\nssS'is_staff'\np119\n(dp120\ng13\ng19\nssS'last_login'\np121\n(dp122\ng13\ng71\nssS'groups'\np123\n(dp124\ng13\ng43\nsg15\nS'auth.Group'\np125\nssS'user_permissions'\np126\n(dp127\ng13\ng43\nsg15\nS'auth.Permission'\np128\nssS'password'\np129\n(dp130\ng13\ng51\nsg52\nI128\nssg23\n(dp131\ng13\ng25\nsg26\nI01\nssg27\n(dp132\ng13\ng71\nsssg30\n(dp133\ng32\n(lp134\nsg34\nS'auth_user'\np135\nsg36\nS''\nsg37\ng23\nsssS'Permission'\np136\n(dp137\ng9\n(dp138\nS'codename'\np139\n(dp140\ng13\ng51\nsg52\nI100\nssg23\n(dp141\ng13\ng25\nsg26\nI01\nssS'content_type'\np142\n(dp143\ng13\ng14\nsg15\nS'contenttypes.ContentType'\np144\nssg97\n(dp145\ng13\ng51\nsg52\nI50\nsssg30\n(dp146\ng32\n((S'content_type'\nS'codename'\nttp147\nsg34\nS'auth_permission'\np148\nsg36\nS''\nsg37\ng23\nssstRp149\n(dp150\ng60\n(lp151\ng136\nag38\nag103\nasbsS'admin'\np152\ng3\n(g4\ng5\n(dp153\nS'LogEntry'\np154\n(dp155\ng9\n(dp156\nS'action_flag'\np157\n(dp158\ng13\ncdjango.db.models.fields\nPositiveSmallIntegerField\np159\nssS'action_time'\np160\n(dp161\ng13\ng71\nssS'object_repr'\np162\n(dp163\ng13\ng51\nsg52\nI200\nssS'object_id'\np164\n(dp165\ng13\ng47\nsS'null'\np166\nI01\nssS'change_message'\np167\n(dp168\ng13\ng47\nssS'user'\np169\n(dp170\ng13\ng14\nsg15\nS'auth.User'\np171\nssg142\n(dp172\ng13\ng14\nsg166\nI01\nsg15\nS'contenttypes.ContentType'\np173\nssg23\n(dp174\ng13\ng25\nsg26\nI01\nsssg30\n(dp175\ng32\n(lp176\nsg34\nS'django_admin_log'\np177\nsg36\nS''\nsg37\ng23\nssstRp178\n(dp179\ng60\n(lp180\ng154\nasbsS'contenttypes'\np181\ng3\n(g4\ng5\n(dp182\nS'ContentType'\np183\n(dp184\ng9\n(dp185\nS'model'\np186\n(dp187\ng13\ng51\nsg52\nI100\nssS'app_label'\np188\n(dp189\ng13\ng51\nsg52\nI100\nssg23\n(dp190\ng13\ng25\nsg26\nI01\nssg97\n(dp191\ng13\ng51\nsg52\nI100\nsssg30\n(dp192\ng32\n((S'app_label'\nS'model'\nttp193\nsg34\nS'django_content_type'\np194\nsg36\nS''\nsg37\ng23\nssstRp195\n(dp196\ng60\n(lp197\ng183\nasbsS'humanize'\np198\ng3\n(g4\ng5\n(dtRp199\n(dp200\ng60\n(lp201\nsbsS'members'\np202\ng3\n(g4\ng5\n(dp203\nS'Member'\np204\n(dp205\ng9\n(dp206\nS'info'\np207\n(dp208\ng13\ng47\nssS'address'\np209\n(dp210\ng13\ng47\nssg23\n(dp211\ng13\ng25\nsg26\nI01\nssg169\n(dp212\ng13\ncdjango.db.models.fields.related\nOneToOneField\np213\nsg99\nI01\nsg15\nS'auth.User'\np214\nssS'member_id'\np215\n(dp216\ng13\ncdjango.db.models.fields\nIntegerField\np217\nssS'position'\np218\n(dp219\ng13\ng51\nsg52\nI2\nssS'blood_type'\np220\n(dp221\ng13\ng51\nsg52\nI2\nsssg30\n(dp222\ng32\n(lp223\nsg34\nS'members_member'\np224\nsg36\nS''\nsg37\ng23\nsssS'Phone'\np225\n(dp226\ng9\n(dp227\ng11\n(dp228\ng13\ng14\nsg15\nS'members.Member'\np229\nssS'is_primary'\np230\n(dp231\ng13\ng19\nssg23\n(dp232\ng13\ng25\nsg26\nI01\nssS'number'\np233\n(dp234\ng13\ng217\nsssg30\n(dp235\ng32\n(lp236\nsg34\nS'members_phone'\np237\nsg36\nS''\nsg37\ng23\nsssS'Email'\np238\n(dp239\ng9\n(dp240\ng11\n(dp241\ng13\ng14\nsg15\nS'members.Member'\np242\nssg230\n(dp243\ng13\ng19\nssg23\n(dp244\ng13\ng25\nsg26\nI01\nssg209\n(dp245\ng13\ng116\nsg52\nI254\nsssg30\n(dp246\ng32\n(lp247\nsg34\nS'members_email'\np248\nsg36\nS''\nsg37\ng23\nssstRp249\n(dp250\ng60\n(lp251\ng204\nag225\nag238\nasbsS'django_evolution'\np252\ng3\n(g4\ng5\n(dp253\nS'Evolution'\np254\n(dp255\ng9\n(dp256\nS'label'\np257\n(dp258\ng13\ng51\nsg52\nI100\nssS'version'\np259\n(dp260\ng13\ng14\nsg15\nS'django_evolution.Version'\np261\nssg23\n(dp262\ng13\ng25\nsg26\nI01\nssg188\n(dp263\ng13\ng51\nsg52\nI200\nsssg30\n(dp264\ng32\n(lp265\nsg34\nS'django_evolution'\np266\nsg36\nS''\nsg37\ng23\nsssS'Version'\np267\n(dp268\ng9\n(dp269\nS'when'\np270\n(dp271\ng13\ng71\nssg23\n(dp272\ng13\ng25\nsg26\nI01\nssS'signature'\np273\n(dp274\ng13\ng47\nsssg30\n(dp275\ng32\n(lp276\nsg34\nS'django_project_version'\np277\nsg36\nS''\nsg37\ng23\nssstRp278\n(dp279\ng60\n(lp280\ng267\nag254\nasbsS'__version__'\np281\nI1\nsS'events'\np282\ng3\n(g4\ng5\n(dp283\nS'EventRole'\np284\n(dp285\ng9\n(dp286\nS'invited_members'\np287\n(dp288\ng13\ng43\nsg15\nS'members.Member'\np289\nssS'maximum'\np290\n(dp291\ng13\ncdjango.db.models.fields\nSmallIntegerField\np292\nssS'event'\np293\n(dp294\ng13\ng14\nsg15\nS'events.Event'\np295\nssS'minimum'\np296\n(dp297\ng13\ng292\nssS'role'\np298\n(dp299\ng13\ng14\nsg15\nS'events.Role'\np300\nssS'invited_groups'\np301\n(dp302\ng13\ng43\nsg15\nS'groups.Group'\np303\nssg23\n(dp304\ng13\ng25\nsg26\nI01\nsssg30\n(dp305\ng32\n(lp306\nsg34\nS'events_eventrole'\np307\nsg36\nS''\nsg37\ng23\nsssS'GroupInvitation'\np308\n(dp309\ng9\n(dp310\nS'event_role'\np311\n(dp312\ng13\ng14\nsg15\nS'events.EventRole'\np313\nssS'is_hidden'\np314\n(dp315\ng13\ng19\nssg20\n(dp316\ng13\ng14\nsg15\nS'groups.Group'\np317\nssg23\n(dp318\ng13\ng25\nsg26\nI01\nsssg30\n(dp319\ng32\n(lp320\nsg34\nS'events_groupinvitation'\np321\nsg36\nS''\nsg37\ng23\nsssS'Role'\np322\n(dp323\ng9\n(dp324\ng23\n(dp325\ng13\ng25\nsg26\nI01\nssg53\n(dp326\ng13\ng51\nsg52\nI64\nsssg30\n(dp327\ng32\n(lp328\nsg34\nS'events_role'\np329\nsg36\nS''\nsg37\ng23\nsssS'EventType'\np330\n(dp331\ng9\n(dp332\ng45\n(dp333\ng13\ng47\nssg23\n(dp334\ng13\ng25\nsg26\nI01\nssg53\n(dp335\ng13\ng51\nsg52\nI64\nsssg30\n(dp336\ng32\n(lp337\nsg34\nS'events_eventtype'\np338\nsg36\nS''\nsg37\ng23\nsssS'MemberInvitation'\np339\n(dp340\ng9\n(dp341\ng11\n(dp342\ng13\ng14\nsg15\nS'members.Member'\np343\nssg311\n(dp344\ng13\ng14\nsg15\nS'events.EventRole'\np345\nssg314\n(dp346\ng13\ng19\nssg23\n(dp347\ng13\ng25\nsg26\nI01\nsssg30\n(dp348\ng32\n(lp349\nsg34\nS'events_memberinvitation'\np350\nsg36\nS''\nsg37\ng23\nsssS'Event'\np351\n(dp352\ng9\n(dp353\ng45\n(dp354\ng13\ng47\nssg53\n(dp355\ng13\ng51\nsg52\nI64\nssS'date_time_end'\np356\n(dp357\ng13\ng71\nssS'date_time_begin'\np358\n(dp359\ng13\ng71\nssg23\n(dp360\ng13\ng25\nsg26\nI01\nssS'event_type'\np361\n(dp362\ng13\ng14\nsg15\nS'events.EventType'\np363\nsssg30\n(dp364\ng32\n(lp365\nsg34\nS'events_event'\np366\nsg36\nS''\nsg37\ng23\nssstRp367\n(dp368\ng60\n(lp369\ng322\nag330\nag351\nag284\nag308\nag339\nasbs."
    }
  },
  {
    "pk": 1,
    "model": "django_evolution.evolution",
    "fields": {
      "version": 1,
      "label": "auth_delete_message",
      "app_label": "auth"
    }
  },
  {
    "pk": 2,
    "model": "django_evolution.evolution",
    "fields": {
      "version": 1,
      "label": "session_expire_date_db_index",
      "app_label": "sessions"
    }
  },
  {
    "pk": 16,
    "model": "auth.permission",
    "fields": {
      "codename": "add_logentry",
      "name": "Can add log entry",
      "content_type": [
        "admin",
        "logentry"
      ]
    }
  },
  {
    "pk": 17,
    "model": "auth.permission",
    "fields": {
      "codename": "change_logentry",
      "name": "Can change log entry",
      "content_type": [
        "admin",
        "logentry"
      ]
    }
  },
  {
    "pk": 18,
    "model": "auth.permission",
    "fields": {
      "codename": "delete_logentry",
      "name": "Can delete log entry",
      "content_type": [
        "admin",
        "logentry"
      ]
    }
  },
  {
    "pk": 1,
    "model": "auth.permission",
    "fields": {
      "codename": "add_group",
      "name": "Can add group",
      "content_type": [
        "auth",
        "group"
      ]
    }
  },
  {
    "pk": 4,
    "model": "auth.permission",
    "fields": {
      "codename": "change_group",
      "name": "Can change group",
      "content_type": [
        "auth",
        "group"
      ]
    }
  },
  {
    "pk": 7,
    "model": "auth.permission",
    "fields": {
      "codename": "delete_group",
      "name": "Can delete group",
      "content_type": [
        "auth",
        "group"
      ]
    }
  },
  {
    "pk": 2,
    "model": "auth.permission",
    "fields": {
      "codename": "add_permission",
      "name": "Can add permission",
      "content_type": [
        "auth",
        "permission"
      ]
    }
  },
  {
    "pk": 5,
    "model": "auth.permission",
    "fields": {
      "codename": "change_permission",
      "name": "Can change permission",
      "content_type": [
        "auth",
        "permission"
      ]
    }
  },
  {
    "pk": 8,
    "model": "auth.permission",
    "fields": {
      "codename": "delete_permission",
      "name": "Can delete permission",
      "content_type": [
        "auth",
        "permission"
      ]
    }
  },
  {
    "pk": 3,
    "model": "auth.permission",
    "fields": {
      "codename": "add_user",
      "name": "Can add user",
      "content_type": [
        "auth",
        "user"
      ]
    }
  },
  {
    "pk": 6,
    "model": "auth.permission",
    "fields": {
      "codename": "change_user",
      "name": "Can change user",
      "content_type": [
        "auth",
        "user"
      ]
    }
  },
  {
    "pk": 9,
    "model": "auth.permission",
    "fields": {
      "codename": "delete_user",
      "name": "Can delete user",
      "content_type": [
        "auth",
        "user"
      ]
    }
  },
  {
    "pk": 10,
    "model": "auth.permission",
    "fields": {
      "codename": "add_contenttype",
      "name": "Can add content type",
      "content_type": [
        "contenttypes",
        "contenttype"
      ]
    }
  },
  {
    "pk": 11,
    "model": "auth.permission",
    "fields": {
      "codename": "change_contenttype",
      "name": "Can change content type",
      "content_type": [
        "contenttypes",
        "contenttype"
      ]
    }
  },
  {
    "pk": 12,
    "model": "auth.permission",
    "fields": {
      "codename": "delete_contenttype",
      "name": "Can delete content type",
      "content_type": [
        "contenttypes",
        "contenttype"
      ]
    }
  },
  {
    "pk": 31,
    "model": "auth.permission",
    "fields": {
      "codename": "add_evolution",
      "name": "Can add evolution",
      "content_type": [
        "django_evolution",
        "evolution"
      ]
    }
  },
  {
    "pk": 33,
    "model": "auth.permission",
    "fields": {
      "codename": "change_evolution",
      "name": "Can change evolution",
      "content_type": [
        "django_evolution",
        "evolution"
      ]
    }
  },
  {
    "pk": 35,
    "model": "auth.permission",
    "fields": {
      "codename": "delete_evolution",
      "name": "Can delete evolution",
      "content_type": [
        "django_evolution",
        "evolution"
      ]
    }
  },
  {
    "pk": 32,
    "model": "auth.permission",
    "fields": {
      "codename": "add_version",
      "name": "Can add version",
      "content_type": [
        "django_evolution",
        "version"
      ]
    }
  },
  {
    "pk": 34,
    "model": "auth.permission",
    "fields": {
      "codename": "change_version",
      "name": "Can change version",
      "content_type": [
        "django_evolution",
        "version"
      ]
    }
  },
  {
    "pk": 36,
    "model": "auth.permission",
    "fields": {
      "codename": "delete_version",
      "name": "Can delete version",
      "content_type": [
        "django_evolution",
        "version"
      ]
    }
  },
  {
    "pk": 43,
    "model": "auth.permission",
    "fields": {
      "codename": "add_event",
      "name": "Can add event",
      "content_type": [
        "events",
        "event"
      ]
    }
  },
  {
    "pk": 49,
    "model": "auth.permission",
    "fields": {
      "codename": "change_event",
      "name": "Can change event",
      "content_type": [
        "events",
        "event"
      ]
    }
  },
  {
    "pk": 55,
    "model": "auth.permission",
    "fields": {
      "codename": "delete_event",
      "name": "Can delete event",
      "content_type": [
        "events",
        "event"
      ]
    }
  },
  {
    "pk": 44,
    "model": "auth.permission",
    "fields": {
      "codename": "add_eventrole",
      "name": "Can add event role",
      "content_type": [
        "events",
        "eventrole"
      ]
    }
  },
  {
    "pk": 50,
    "model": "auth.permission",
    "fields": {
      "codename": "change_eventrole",
      "name": "Can change event role",
      "content_type": [
        "events",
        "eventrole"
      ]
    }
  },
  {
    "pk": 56,
    "model": "auth.permission",
    "fields": {
      "codename": "delete_eventrole",
      "name": "Can delete event role",
      "content_type": [
        "events",
        "eventrole"
      ]
    }
  },
  {
    "pk": 45,
    "model": "auth.permission",
    "fields": {
      "codename": "add_eventtype",
      "name": "Can add event type",
      "content_type": [
        "events",
        "eventtype"
      ]
    }
  },
  {
    "pk": 51,
    "model": "auth.permission",
    "fields": {
      "codename": "change_eventtype",
      "name": "Can change event type",
      "content_type": [
        "events",
        "eventtype"
      ]
    }
  },
  {
    "pk": 57,
    "model": "auth.permission",
    "fields": {
      "codename": "delete_eventtype",
      "name": "Can delete event type",
      "content_type": [
        "events",
        "eventtype"
      ]
    }
  },
  {
    "pk": 61,
    "model": "auth.permission",
    "fields": {
      "codename": "add_groupinvitation",
      "name": "Can add group invitation",
      "content_type": [
        "events",
        "groupinvitation"
      ]
    }
  },
  {
    "pk": 62,
    "model": "auth.permission",
    "fields": {
      "codename": "change_groupinvitation",
      "name": "Can change group invitation",
      "content_type": [
        "events",
        "groupinvitation"
      ]
    }
  },
  {
    "pk": 63,
    "model": "auth.permission",
    "fields": {
      "codename": "delete_groupinvitation",
      "name": "Can delete group invitation",
      "content_type": [
        "events",
        "groupinvitation"
      ]
    }
  },
  {
    "pk": 64,
    "model": "auth.permission",
    "fields": {
      "codename": "add_memberinvitation",
      "name": "Can add member invitation",
      "content_type": [
        "events",
        "memberinvitation"
      ]
    }
  },
  {
    "pk": 65,
    "model": "auth.permission",
    "fields": {
      "codename": "change_memberinvitation",
      "name": "Can change member invitation",
      "content_type": [
        "events",
        "memberinvitation"
      ]
    }
  },
  {
    "pk": 66,
    "model": "auth.permission",
    "fields": {
      "codename": "delete_memberinvitation",
      "name": "Can delete member invitation",
      "content_type": [
        "events",
        "memberinvitation"
      ]
    }
  },
  {
    "pk": 67,
    "model": "auth.permission",
    "fields": {
      "codename": "add_memberresponse",
      "name": "Can add member response",
      "content_type": [
        "events",
        "memberresponse"
      ]
    }
  },
  {
    "pk": 68,
    "model": "auth.permission",
    "fields": {
      "codename": "change_memberresponse",
      "name": "Can change member response",
      "content_type": [
        "events",
        "memberresponse"
      ]
    }
  },
  {
    "pk": 69,
    "model": "auth.permission",
    "fields": {
      "codename": "delete_memberresponse",
      "name": "Can delete member response",
      "content_type": [
        "events",
        "memberresponse"
      ]
    }
  },
  {
    "pk": 48,
    "model": "auth.permission",
    "fields": {
      "codename": "add_role",
      "name": "Can add role",
      "content_type": [
        "events",
        "role"
      ]
    }
  },
  {
    "pk": 54,
    "model": "auth.permission",
    "fields": {
      "codename": "change_role",
      "name": "Can change role",
      "content_type": [
        "events",
        "role"
      ]
    }
  },
  {
    "pk": 60,
    "model": "auth.permission",
    "fields": {
      "codename": "delete_role",
      "name": "Can delete role",
      "content_type": [
        "events",
        "role"
      ]
    }
  },
  {
    "pk": 22,
    "model": "auth.permission",
    "fields": {
      "codename": "add_group",
      "name": "Can add group",
      "content_type": [
        "groups",
        "group"
      ]
    }
  },
  {
    "pk": 24,
    "model": "auth.permission",
    "fields": {
      "codename": "change_group",
      "name": "Can change group",
      "content_type": [
        "groups",
        "group"
      ]
    }
  },
  {
    "pk": 26,
    "model": "auth.permission",
    "fields": {
      "codename": "delete_group",
      "name": "Can delete group",
      "content_type": [
        "groups",
        "group"
      ]
    }
  },
  {
    "pk": 23,
    "model": "auth.permission",
    "fields": {
      "codename": "add_membership",
      "name": "Can add membership",
      "content_type": [
        "groups",
        "membership"
      ]
    }
  },
  {
    "pk": 25,
    "model": "auth.permission",
    "fields": {
      "codename": "change_membership",
      "name": "Can change membership",
      "content_type": [
        "groups",
        "membership"
      ]
    }
  },
  {
    "pk": 27,
    "model": "auth.permission",
    "fields": {
      "codename": "delete_membership",
      "name": "Can delete membership",
      "content_type": [
        "groups",
        "membership"
      ]
    }
  },
  {
    "pk": 37,
    "model": "auth.permission",
    "fields": {
      "codename": "add_email",
      "name": "Can add email",
      "content_type": [
        "members",
        "email"
      ]
    }
  },
  {
    "pk": 39,
    "model": "auth.permission",
    "fields": {
      "codename": "change_email",
      "name": "Can change email",
      "content_type": [
        "members",
        "email"
      ]
    }
  },
  {
    "pk": 41,
    "model": "auth.permission",
    "fields": {
      "codename": "delete_email",
      "name": "Can delete email",
      "content_type": [
        "members",
        "email"
      ]
    }
  },
  {
    "pk": 28,
    "model": "auth.permission",
    "fields": {
      "codename": "add_member",
      "name": "Can add member",
      "content_type": [
        "members",
        "member"
      ]
    }
  },
  {
    "pk": 29,
    "model": "auth.permission",
    "fields": {
      "codename": "change_member",
      "name": "Can change member",
      "content_type": [
        "members",
        "member"
      ]
    }
  },
  {
    "pk": 30,
    "model": "auth.permission",
    "fields": {
      "codename": "delete_member",
      "name": "Can delete member",
      "content_type": [
        "members",
        "member"
      ]
    }
  },
  {
    "pk": 38,
    "model": "auth.permission",
    "fields": {
      "codename": "add_phone",
      "name": "Can add phone",
      "content_type": [
        "members",
        "phone"
      ]
    }
  },
  {
    "pk": 40,
    "model": "auth.permission",
    "fields": {
      "codename": "change_phone",
      "name": "Can change phone",
      "content_type": [
        "members",
        "phone"
      ]
    }
  },
  {
    "pk": 42,
    "model": "auth.permission",
    "fields": {
      "codename": "delete_phone",
      "name": "Can delete phone",
      "content_type": [
        "members",
        "phone"
      ]
    }
  },
  {
    "pk": 13,
    "model": "auth.permission",
    "fields": {
      "codename": "add_session",
      "name": "Can add session",
      "content_type": [
        "sessions",
        "session"
      ]
    }
  },
  {
    "pk": 14,
    "model": "auth.permission",
    "fields": {
      "codename": "change_session",
      "name": "Can change session",
      "content_type": [
        "sessions",
        "session"
      ]
    }
  },
  {
    "pk": 15,
    "model": "auth.permission",
    "fields": {
      "codename": "delete_session",
      "name": "Can delete session",
      "content_type": [
        "sessions",
        "session"
      ]
    }
  },
  {
    "pk": 1,
    "model": "auth.group",
    "fields": {
      "name": "B\u00e6kist\u00f6\u00f0varh\u00f3pur",
      "permissions": []
    }
  },
  {
    "pk": 2,
    "model": "auth.group",
    "fields": {
      "name": "B\u00edlah\u00f3pur",
      "permissions": []
    }
  },
  {
    "pk": 3,
    "model": "auth.group",
    "fields": {
      "name": "B\u00fa\u00f0ah\u00f3pur",
      "permissions": []
    }
  },
  {
    "pk": 5,
    "model": "auth.group",
    "fields": {
      "name": "Fjallah\u00f3pur",
      "permissions": []
    }
  },
  {
    "pk": 6,
    "model": "auth.group",
    "fields": {
      "name": "Leitarhundar",
      "permissions": []
    }
  },
  {
    "pk": 7,
    "model": "auth.group",
    "fields": {
      "name": "Leitarh\u00f3pur",
      "permissions": []
    }
  },
  {
    "pk": 8,
    "model": "auth.group",
    "fields": {
      "name": "L\u00e9ttsveit",
      "permissions": []
    }
  },
  {
    "pk": 9,
    "model": "auth.group",
    "fields": {
      "name": "Sj\u00fakrah\u00f3pur",
      "permissions": []
    }
  },
  {
    "pk": 10,
    "model": "auth.group",
    "fields": {
      "name": "Sle\u00f0ah\u00f3pur",
      "permissions": []
    }
  },
  {
    "pk": 11,
    "model": "auth.group",
    "fields": {
      "name": "Snj\u00f3b\u00edlsh\u00f3pur",
      "permissions": []
    }
  },
  {
    "pk": 12,
    "model": "auth.group",
    "fields": {
      "name": "Stj\u00f3rn",
      "permissions": []
    }
  },
  {
    "pk": 13,
    "model": "auth.group",
    "fields": {
      "name": "Stj\u00f3rnendur \u00fatkallsh\u00f3pa",
      "permissions": []
    }
  },
  {
    "pk": 4,
    "model": "auth.group",
    "fields": {
      "name": "T\u00f6lvuh\u00f3pur",
      "permissions": []
    }
  },
  {
    "pk": 1,
    "model": "auth.user",
    "fields": {
      "username": "martin",
      "first_name": "Martin J\u00f3nas Bj\u00f6rn",
      "last_name": "Swift",
      "is_active": true,
      "is_superuser": true,
      "is_staff": true,
      "last_login": "2013-08-05T21:26:26.122Z",
      "groups": [],
      "user_permissions": [],
      "password": "pbkdf2_sha256$10000$Fqj6E9wo27oN$u/9vteHtmAI7HohL02BvgAwJURKTN/FMyU1nMT/AuYI=",
      "email": "martin@swift.is",
      "date_joined": "2012-05-24T01:38:12Z"
    }
  },
  {
    "pk": 2,
    "model": "auth.user",
    "fields": {
      "username": "olijon",
      "first_name": "\u00d3lafur J\u00f3n",
      "last_name": "J\u00f3nsson",
      "is_active": true,
      "is_superuser": true,
      "is_staff": true,
      "last_login": "2013-02-11T01:05:43.983Z",
      "groups": [],
      "user_permissions": [],
      "password": "pbkdf2_sha256$10000$17Nk3KIou1H2$kwwwKBoyAv5R6Qxg11VK+kLy/TKVMkGnIZv7D8BKH0Y=",
      "email": "olijon@gmail.com",
      "date_joined": "2012-05-24T16:11:33Z"
    }
  },
  {
    "pk": 3,
    "model": "auth.user",
    "fields": {
      "username": "gbriem",
      "first_name": "Gunnlaugur",
      "last_name": "Briem",
      "is_active": true,
      "is_superuser": false,
      "is_staff": false,
      "last_login": "2012-05-25T15:48:13Z",
      "groups": [],
      "user_permissions": [],
      "password": "pbkdf2_sha256$10000$qQdqlWss86pD$O2NvBs7WaWlwqdtgkwSmntBcRh/812GlGlDEQ0K4VEQ=",
      "email": "",
      "date_joined": "2012-05-25T15:48:13Z"
    }
  },
  {
    "pk": 4,
    "model": "auth.user",
    "fields": {
      "username": "edda",
      "first_name": "Edda",
      "last_name": "\u00de\u00f3rsd\u00f3ttir",
      "is_active": true,
      "is_superuser": false,
      "is_staff": false,
      "last_login": "2012-05-30T01:33:29Z",
      "groups": [],
      "user_permissions": [],
      "password": "pbkdf2_sha256$10000$LtFQf2Be1nfj$/tcNFVMJtAN+LXECW2n18AgHrjWFH59z2nwjcepkKag=",
      "email": "",
      "date_joined": "2012-05-30T01:33:29Z"
    }
  },
  {
    "pk": 5,
    "model": "auth.user",
    "fields": {
      "username": "skagfjord",
      "first_name": "Hlynur Skagfj\u00f6r\u00f0",
      "last_name": "P\u00e1lsson",
      "is_active": true,
      "is_superuser": false,
      "is_staff": false,
      "last_login": "2012-08-22T17:50:41Z",
      "groups": [],
      "user_permissions": [],
      "password": "pbkdf2_sha256$10000$SDCTD1MHD5tg$gZ+G8aGMZTwVKYf6Qeu174mcpNv7m5/hQ4a7xPm9zT0=",
      "email": "",
      "date_joined": "2012-08-22T17:50:41Z"
    }
  },
  {
    "pk": 6,
    "model": "auth.user",
    "fields": {
      "username": "stefanba",
      "first_name": "Stef\u00e1n Baldur",
      "last_name": "\u00c1rnason",
      "is_active": true,
      "is_superuser": true,
      "is_staff": true,
      "last_login": "2013-02-11T01:06:00.951Z",
      "groups": [
        [
          "B\u00e6kist\u00f6\u00f0varh\u00f3pur"
        ],
        [
          "T\u00f6lvuh\u00f3pur"
        ],
        [
          "Stj\u00f3rn"
        ]
      ],
      "user_permissions": [],
      "password": "pbkdf2_sha256$10000$zKbxj1GabxCf$NpW/ea43MRQkFxUKjU+mVbElLJYg6OYs+Ted+p8IDGE=",
      "email": "",
      "date_joined": "2013-02-10T16:26:42Z"
    }
  },
  {
    "pk": 7,
    "model": "auth.user",
    "fields": {
      "username": "bjorn",
      "first_name": "Bj\u00f6rn Patrick",
      "last_name": "Swift",
      "is_active": true,
      "is_superuser": true,
      "is_staff": true,
      "last_login": "2013-02-12T18:05:39Z",
      "groups": [],
      "user_permissions": [],
      "password": "pbkdf2_sha256$10000$i0rDLrB33JdL$0RhPWWzLATWMsOwpo4YMwQvTpWNZhGcwjyvRB4IzR2M=",
      "email": "bjorn@swift.is",
      "date_joined": "2013-02-12T18:05:39Z"
    }
  },
  {
    "pk": 8,
    "model": "auth.user",
    "fields": {
      "username": "albert",
      "first_name": "Albert",
      "last_name": "\u00deorbergsson",
      "is_active": true,
      "is_superuser": false,
      "is_staff": false,
      "last_login": "2013-02-24T21:18:59Z",
      "groups": [],
      "user_permissions": [],
      "password": "pbkdf2_sha256$10000$IASfD43RShbs$YBvbVZa+Jst1F0+tsfbrsAGIFgu2/1nkh7SbOVZJ5J4=",
      "email": "",
      "date_joined": "2013-02-24T21:18:59Z"
    }
  },
  {
    "pk": 9,
    "model": "auth.user",
    "fields": {
      "username": "gestur",
      "first_name": "Gestur",
      "last_name": "Gestsson",
      "is_active": true,
      "is_superuser": false,
      "is_staff": false,
      "last_login": "2013-07-25T15:58:23Z",
      "groups": [],
      "user_permissions": [],
      "password": "pbkdf2_sha256$10000$85GBBN9KSule$c78d0LBnYQFAFaHioIAw1oHzffBjt7ei4GnOrlog7PM=",
      "email": "martin@swift.is",
      "date_joined": "2013-07-25T15:58:23Z"
    }
  },
  {
    "pk": 288,
    "model": "admin.logentry",
    "fields": {
      "action_flag": 3,
      "action_time": "2013-08-05T21:42:32.564Z",
      "object_repr": "Fyrsta hj\u00e1p 2 \u00d6kuma\u00f0ur>martin",
      "object_id": "30",
      "change_message": "",
      "user": [
        "martin"
      ],
      "content_type": [
        "events",
        "memberresponse"
      ]
    }
  },
  {
    "pk": 287,
    "model": "admin.logentry",
    "fields": {
      "action_flag": 1,
      "action_time": "2013-07-25T16:21:01.111Z",
      "object_repr": "B\u00edlah\u00f3pur: Gestur Gestsson",
      "object_id": "14",
      "change_message": "",
      "user": [
        "martin"
      ],
      "content_type": [
        "groups",
        "membership"
      ]
    }
  },
  {
    "pk": 286,
    "model": "admin.logentry",
    "fields": {
      "action_flag": 1,
      "action_time": "2013-07-25T16:20:51.689Z",
      "object_repr": "L\u00e9ttsveit: Gestur Gestsson",
      "object_id": "13",
      "change_message": "",
      "user": [
        "martin"
      ],
      "content_type": [
        "groups",
        "membership"
      ]
    }
  },
  {
    "pk": 285,
    "model": "admin.logentry",
    "fields": {
      "action_flag": 1,
      "action_time": "2013-07-25T16:20:41.917Z",
      "object_repr": "T\u00f6lvuh\u00f3pur: Gestur Gestsson",
      "object_id": "12",
      "change_message": "",
      "user": [
        "martin"
      ],
      "content_type": [
        "groups",
        "membership"
      ]
    }
  },
  {
    "pk": 284,
    "model": "admin.logentry",
    "fields": {
      "action_flag": 1,
      "action_time": "2013-07-25T16:09:37.035Z",
      "object_repr": "Gestur Gestsson",
      "object_id": "9",
      "change_message": "",
      "user": [
        "martin"
      ],
      "content_type": [
        "members",
        "member"
      ]
    }
  },
  {
    "pk": 283,
    "model": "admin.logentry",
    "fields": {
      "action_flag": 2,
      "action_time": "2013-07-25T15:59:36.142Z",
      "object_repr": "gestur",
      "object_id": "9",
      "change_message": "Breytti password, first_name, last_name og email.",
      "user": [
        "martin"
      ],
      "content_type": [
        "auth",
        "user"
      ]
    }
  },
  {
    "pk": 282,
    "model": "admin.logentry",
    "fields": {
      "action_flag": 1,
      "action_time": "2013-07-25T15:58:23.607Z",
      "object_repr": "gestur",
      "object_id": "9",
      "change_message": "",
      "user": [
        "martin"
      ],
      "content_type": [
        "auth",
        "user"
      ]
    }
  },
  {
    "pk": 281,
    "model": "admin.logentry",
    "fields": {
      "action_flag": 2,
      "action_time": "2013-07-25T12:52:46.279Z",
      "object_repr": "\u00de\u00e1tttakandi",
      "object_id": "6",
      "change_message": "Breytti title.",
      "user": [
        "martin"
      ],
      "content_type": [
        "events",
        "role"
      ]
    }
  },
  {
    "pk": 280,
    "model": "admin.logentry",
    "fields": {
      "action_flag": 3,
      "action_time": "2013-07-25T11:31:45.135Z",
      "object_repr": "Bug-fix prufa II \u00de\u00e1ttakandi>martin",
      "object_id": "28",
      "change_message": "",
      "user": [
        "martin"
      ],
      "content_type": [
        "events",
        "memberresponse"
      ]
    }
  },
  {
    "pk": 279,
    "model": "admin.logentry",
    "fields": {
      "action_flag": 3,
      "action_time": "2013-07-25T11:31:20.858Z",
      "object_repr": "Bug-fix prufa II \u00de\u00e1ttakandi>martin",
      "object_id": "28",
      "change_message": "",
      "user": [
        "martin"
      ],
      "content_type": [
        "events",
        "memberresponse"
      ]
    }
  },
  {
    "pk": 278,
    "model": "admin.logentry",
    "fields": {
      "action_flag": 1,
      "action_time": "2013-07-21T23:21:16.795Z",
      "object_repr": "S\u00e9rverkefni",
      "object_id": "8",
      "change_message": "",
      "user": [
        "martin"
      ],
      "content_type": [
        "events",
        "eventtype"
      ]
    }
  },
  {
    "pk": 277,
    "model": "admin.logentry",
    "fields": {
      "action_flag": 1,
      "action_time": "2013-05-13T15:21:05.744Z",
      "object_repr": "F\u00f3tboltag\u00e6sla \u00de\u00e1ttakandi>B\u00e6kist\u00f6\u00f0varh\u00f3pur",
      "object_id": "90",
      "change_message": "",
      "user": [
        "martin"
      ],
      "content_type": [
        "events",
        "groupinvitation"
      ]
    }
  },
  {
    "pk": 276,
    "model": "admin.logentry",
    "fields": {
      "action_flag": 1,
      "action_time": "2013-05-13T15:20:51.147Z",
      "object_repr": "F\u00f3tboltag\u00e6sla \u00de\u00e1ttakandi>B\u00e6kist\u00f6\u00f0varh\u00f3pur",
      "object_id": "89",
      "change_message": "",
      "user": [
        "martin"
      ],
      "content_type": [
        "events",
        "groupinvitation"
      ]
    }
  },
  {
    "pk": 275,
    "model": "admin.logentry",
    "fields": {
      "action_flag": 1,
      "action_time": "2013-05-13T15:20:34.567Z",
      "object_repr": "F\u00f3tboltag\u00e6sla \u00de\u00e1ttakandi>B\u00e6kist\u00f6\u00f0varh\u00f3pur",
      "object_id": "88",
      "change_message": "",
      "user": [
        "martin"
      ],
      "content_type": [
        "events",
        "groupinvitation"
      ]
    }
  },
  {
    "pk": 274,
    "model": "admin.logentry",
    "fields": {
      "action_flag": 1,
      "action_time": "2013-05-13T15:20:25.964Z",
      "object_repr": "F\u00f3tboltag\u00e6sla \u00de\u00e1ttakandi>B\u00e6kist\u00f6\u00f0varh\u00f3pur",
      "object_id": "87",
      "change_message": "",
      "user": [
        "martin"
      ],
      "content_type": [
        "events",
        "groupinvitation"
      ]
    }
  },
  {
    "pk": 273,
    "model": "admin.logentry",
    "fields": {
      "action_flag": 1,
      "action_time": "2013-05-13T15:20:14.615Z",
      "object_repr": "F\u00f3tboltag\u00e6sla \u00de\u00e1ttakandi>B\u00e6kist\u00f6\u00f0varh\u00f3pur",
      "object_id": "86",
      "change_message": "",
      "user": [
        "martin"
      ],
      "content_type": [
        "events",
        "groupinvitation"
      ]
    }
  },
  {
    "pk": 272,
    "model": "admin.logentry",
    "fields": {
      "action_flag": 1,
      "action_time": "2013-05-13T15:19:59.154Z",
      "object_repr": "F\u00f3tboltag\u00e6sla: A karla: \u00cdsland-Sl\u00f3ven\u00eda \u00de\u00e1ttakandi>B\u00e6kist\u00f6\u00f0varh\u00f3pur",
      "object_id": "85",
      "change_message": "",
      "user": [
        "martin"
      ],
      "content_type": [
        "events",
        "groupinvitation"
      ]
    }
  },
  {
    "pk": 271,
    "model": "admin.logentry",
    "fields": {
      "action_flag": 1,
      "action_time": "2013-05-13T15:19:43.606Z",
      "object_repr": "F\u00f3tboltag\u00e6sla: A kvenna: \u00cdsland-Skotland \u00de\u00e1ttakandi>B\u00e6kist\u00f6\u00f0varh\u00f3pur",
      "object_id": "84",
      "change_message": "",
      "user": [
        "martin"
      ],
      "content_type": [
        "events",
        "groupinvitation"
      ]
    }
  },
  {
    "pk": 270,
    "model": "admin.logentry",
    "fields": {
      "action_flag": 2,
      "action_time": "2013-05-11T22:36:05.895Z",
      "object_repr": "Prufa vi\u00f0bur\u00f0",
      "object_id": "67",
      "change_message": "Breytti title.",
      "user": [
        "martin"
      ],
      "content_type": [
        "events",
        "event"
      ]
    }
  },
  {
    "pk": 269,
    "model": "admin.logentry",
    "fields": {
      "action_flag": 2,
      "action_time": "2013-05-09T20:50:44.366Z",
      "object_repr": "Hlutverkalaus vi\u00f0bur\u00f0ur",
      "object_id": "17",
      "change_message": "Breytti date_time_end.",
      "user": [
        "martin"
      ],
      "content_type": [
        "events",
        "event"
      ]
    }
  },
  {
    "pk": 268,
    "model": "admin.logentry",
    "fields": {
      "action_flag": 3,
      "action_time": "2013-05-04T01:52:50.571Z",
      "object_repr": "N\u00e1mskei\u00f0 Bj\u00f6rgunarma\u00f0ur>olijon",
      "object_id": "7",
      "change_message": "",
      "user": [
        "martin"
      ],
      "content_type": [
        "events",
        "memberresponse"
      ]
    }
  },
  {
    "pk": 267,
    "model": "admin.logentry",
    "fields": {
      "action_flag": 3,
      "action_time": "2013-05-04T01:20:24.186Z",
      "object_repr": "Opnunarh\u00e1t\u00f0i\u00f0 \u00d6kuma\u00f0ur>olijon",
      "object_id": "7",
      "change_message": "",
      "user": [
        "martin"
      ],
      "content_type": [
        "events",
        "memberresponse"
      ]
    }
  },
  {
    "pk": 266,
    "model": "admin.logentry",
    "fields": {
      "action_flag": 3,
      "action_time": "2013-05-04T01:20:24.169Z",
      "object_repr": "Opnunarh\u00e1t\u00f0i\u00f0 \u00c1byrg\u00f0arma\u00f0ur>olijon",
      "object_id": "8",
      "change_message": "",
      "user": [
        "martin"
      ],
      "content_type": [
        "events",
        "memberresponse"
      ]
    }
  },
  {
    "pk": 265,
    "model": "admin.logentry",
    "fields": {
      "action_flag": 3,
      "action_time": "2013-05-04T01:00:49.279Z",
      "object_repr": "S\u00fdnivi\u00f0bur\u00f0ur \u00c1byrg\u00f0arma\u00f0ur>olijon",
      "object_id": "6",
      "change_message": "",
      "user": [
        "martin"
      ],
      "content_type": [
        "events",
        "memberresponse"
      ]
    }
  },
  {
    "pk": 264,
    "model": "admin.logentry",
    "fields": {
      "action_flag": 1,
      "action_time": "2013-05-03T18:36:13.312Z",
      "object_repr": "Membership object",
      "object_id": "11",
      "change_message": "",
      "user": [
        "martin"
      ],
      "content_type": [
        "groups",
        "membership"
      ]
    }
  },
  {
    "pk": 263,
    "model": "admin.logentry",
    "fields": {
      "action_flag": 1,
      "action_time": "2013-05-03T18:36:04.978Z",
      "object_repr": "Membership object",
      "object_id": "10",
      "change_message": "",
      "user": [
        "martin"
      ],
      "content_type": [
        "groups",
        "membership"
      ]
    }
  },
  {
    "pk": 262,
    "model": "admin.logentry",
    "fields": {
      "action_flag": 1,
      "action_time": "2013-05-03T17:54:14.681Z",
      "object_repr": "S\u00fdnivi\u00f0bur\u00f0ur \u00c1byrg\u00f0arma\u00f0ur>martin",
      "object_id": "5",
      "change_message": "",
      "user": [
        "martin"
      ],
      "content_type": [
        "events",
        "memberresponse"
      ]
    }
  },
  {
    "pk": 261,
    "model": "admin.logentry",
    "fields": {
      "action_flag": 1,
      "action_time": "2013-05-03T17:53:35.069Z",
      "object_repr": "S\u00fdnivi\u00f0bur\u00f0ur Bj\u00f6rgunarma\u00f0ur>martin",
      "object_id": "4",
      "change_message": "",
      "user": [
        "martin"
      ],
      "content_type": [
        "events",
        "memberresponse"
      ]
    }
  },
  {
    "pk": 260,
    "model": "admin.logentry",
    "fields": {
      "action_flag": 2,
      "action_time": "2013-05-02T01:47:41.153Z",
      "object_repr": "Fer\u00f0amennska og r\u00f6tun  Lei\u00f0beinandi",
      "object_id": "60",
      "change_message": "Changed group for group invitation \"Fer\u00f0amennska og r\u00f6tun  Lei\u00f0beinandi>Fjallah\u00f3pur\".",
      "user": [
        "martin"
      ],
      "content_type": [
        "events",
        "eventrole"
      ]
    }
  },
  {
    "pk": 259,
    "model": "admin.logentry",
    "fields": {
      "action_flag": 2,
      "action_time": "2013-05-02T01:42:39.177Z",
      "object_repr": "F\u00f3tboltag\u00e6sla: A karla: \u00cdsland-Sl\u00f3ven\u00eda",
      "object_id": "77",
      "change_message": "Changed date_time_begin and date_time_end.",
      "user": [
        "martin"
      ],
      "content_type": [
        "events",
        "event"
      ]
    }
  },
  {
    "pk": 258,
    "model": "admin.logentry",
    "fields": {
      "action_flag": 2,
      "action_time": "2013-05-02T01:41:21.187Z",
      "object_repr": "F\u00f3tboltag\u00e6sla: A kvenna: \u00cdsland-Skotland \u00de\u00e1ttakandi",
      "object_id": "58",
      "change_message": "Changed minimum.",
      "user": [
        "martin"
      ],
      "content_type": [
        "events",
        "eventrole"
      ]
    }
  },
  {
    "pk": 257,
    "model": "admin.logentry",
    "fields": {
      "action_flag": 1,
      "action_time": "2013-05-02T01:37:45.768Z",
      "object_repr": "Vinnuh\u00f3pur",
      "object_id": "23",
      "change_message": "",
      "user": [
        "martin"
      ],
      "content_type": [
        "groups",
        "group"
      ]
    }
  },
  {
    "pk": 256,
    "model": "admin.logentry",
    "fields": {
      "action_flag": 1,
      "action_time": "2013-05-02T01:22:06.805Z",
      "object_repr": "N\u00e1mskei\u00f0",
      "object_id": "7",
      "change_message": "",
      "user": [
        "martin"
      ],
      "content_type": [
        "events",
        "eventtype"
      ]
    }
  },
  {
    "pk": 255,
    "model": "admin.logentry",
    "fields": {
      "action_flag": 1,
      "action_time": "2013-05-02T01:19:42.810Z",
      "object_repr": "Fer\u00f0",
      "object_id": "6",
      "change_message": "",
      "user": [
        "martin"
      ],
      "content_type": [
        "events",
        "eventtype"
      ]
    }
  },
  {
    "pk": 254,
    "model": "admin.logentry",
    "fields": {
      "action_flag": 1,
      "action_time": "2013-05-02T01:19:31.749Z",
      "object_repr": "Fj\u00e1r\u00f6flun",
      "object_id": "5",
      "change_message": "",
      "user": [
        "martin"
      ],
      "content_type": [
        "events",
        "eventtype"
      ]
    }
  },
  {
    "pk": 253,
    "model": "admin.logentry",
    "fields": {
      "action_flag": 1,
      "action_time": "2013-04-28T00:12:50.341Z",
      "object_repr": "Membership object",
      "object_id": "9",
      "change_message": "",
      "user": [
        "martin"
      ],
      "content_type": [
        "groups",
        "membership"
      ]
    }
  },
  {
    "pk": 252,
    "model": "admin.logentry",
    "fields": {
      "action_flag": 1,
      "action_time": "2013-04-27T19:19:52.237Z",
      "object_repr": "S\u00fdnivi\u00f0bur\u00f0ur \u00d6kuma\u00f0ur>olijon",
      "object_id": "3",
      "change_message": "",
      "user": [
        "martin"
      ],
      "content_type": [
        "events",
        "memberresponse"
      ]
    }
  },
  {
    "pk": 251,
    "model": "admin.logentry",
    "fields": {
      "action_flag": 1,
      "action_time": "2013-04-27T19:19:41.241Z",
      "object_repr": "S\u00fdnivi\u00f0bur\u00f0ur \u00d6kuma\u00f0ur>martin",
      "object_id": "2",
      "change_message": "",
      "user": [
        "martin"
      ],
      "content_type": [
        "events",
        "memberresponse"
      ]
    }
  },
  {
    "pk": 250,
    "model": "admin.logentry",
    "fields": {
      "action_flag": 1,
      "action_time": "2013-04-23T04:18:46.678Z",
      "object_repr": "MemberResponse object",
      "object_id": "1",
      "change_message": "",
      "user": [
        "martin"
      ],
      "content_type": [
        "events",
        "memberresponse"
      ]
    }
  },
  {
    "pk": 249,
    "model": "admin.logentry",
    "fields": {
      "action_flag": 2,
      "action_time": "2013-04-03T03:51:59.633Z",
      "object_repr": "Tilraunavi\u00f0bur\u00f0ur",
      "object_id": "56",
      "change_message": "Changed title.",
      "user": [
        "martin"
      ],
      "content_type": [
        "events",
        "event"
      ]
    }
  },
  {
    "pk": 248,
    "model": "admin.logentry",
    "fields": {
      "action_flag": 3,
      "action_time": "2013-04-01T17:47:01.040Z",
      "object_repr": "nafn",
      "object_id": "46",
      "change_message": "",
      "user": [
        "martin"
      ],
      "content_type": [
        "events",
        "event"
      ]
    }
  },
  {
    "pk": 247,
    "model": "admin.logentry",
    "fields": {
      "action_flag": 3,
      "action_time": "2013-04-01T17:47:01.029Z",
      "object_repr": "nafn",
      "object_id": "47",
      "change_message": "",
      "user": [
        "martin"
      ],
      "content_type": [
        "events",
        "event"
      ]
    }
  },
  {
    "pk": 246,
    "model": "admin.logentry",
    "fields": {
      "action_flag": 3,
      "action_time": "2013-04-01T17:47:01.017Z",
      "object_repr": "nafn",
      "object_id": "48",
      "change_message": "",
      "user": [
        "martin"
      ],
      "content_type": [
        "events",
        "event"
      ]
    }
  },
  {
    "pk": 245,
    "model": "admin.logentry",
    "fields": {
      "action_flag": 3,
      "action_time": "2013-04-01T17:47:01.000Z",
      "object_repr": "nafn",
      "object_id": "49",
      "change_message": "",
      "user": [
        "martin"
      ],
      "content_type": [
        "events",
        "event"
      ]
    }
  },
  {
    "pk": 244,
    "model": "admin.logentry",
    "fields": {
      "action_flag": 3,
      "action_time": "2013-04-01T17:47:00.987Z",
      "object_repr": "bjorn",
      "object_id": "50",
      "change_message": "",
      "user": [
        "martin"
      ],
      "content_type": [
        "events",
        "event"
      ]
    }
  },
  {
    "pk": 243,
    "model": "admin.logentry",
    "fields": {
      "action_flag": 3,
      "action_time": "2013-04-01T17:47:00.971Z",
      "object_repr": "bjorn",
      "object_id": "51",
      "change_message": "",
      "user": [
        "martin"
      ],
      "content_type": [
        "events",
        "event"
      ]
    }
  },
  {
    "pk": 242,
    "model": "admin.logentry",
    "fields": {
      "action_flag": 3,
      "action_time": "2013-04-01T17:47:00.955Z",
      "object_repr": "nytt",
      "object_id": "52",
      "change_message": "",
      "user": [
        "martin"
      ],
      "content_type": [
        "events",
        "event"
      ]
    }
  },
  {
    "pk": 241,
    "model": "admin.logentry",
    "fields": {
      "action_flag": 3,
      "action_time": "2013-04-01T17:47:00.943Z",
      "object_repr": "nytt",
      "object_id": "53",
      "change_message": "",
      "user": [
        "martin"
      ],
      "content_type": [
        "events",
        "event"
      ]
    }
  },
  {
    "pk": 240,
    "model": "admin.logentry",
    "fields": {
      "action_flag": 3,
      "action_time": "2013-04-01T17:47:00.909Z",
      "object_repr": "nytt",
      "object_id": "54",
      "change_message": "",
      "user": [
        "martin"
      ],
      "content_type": [
        "events",
        "event"
      ]
    }
  },
  {
    "pk": 239,
    "model": "admin.logentry",
    "fields": {
      "action_flag": 3,
      "action_time": "2013-04-01T17:47:00.896Z",
      "object_repr": "nytt",
      "object_id": "55",
      "change_message": "",
      "user": [
        "martin"
      ],
      "content_type": [
        "events",
        "event"
      ]
    }
  },
  {
    "pk": 238,
    "model": "admin.logentry",
    "fields": {
      "action_flag": 3,
      "action_time": "2013-04-01T17:47:00.883Z",
      "object_repr": "nytt",
      "object_id": "57",
      "change_message": "",
      "user": [
        "martin"
      ],
      "content_type": [
        "events",
        "event"
      ]
    }
  },
  {
    "pk": 237,
    "model": "admin.logentry",
    "fields": {
      "action_flag": 3,
      "action_time": "2013-04-01T17:47:00.871Z",
      "object_repr": "nytt",
      "object_id": "58",
      "change_message": "",
      "user": [
        "martin"
      ],
      "content_type": [
        "events",
        "event"
      ]
    }
  },
  {
    "pk": 236,
    "model": "admin.logentry",
    "fields": {
      "action_flag": 3,
      "action_time": "2013-04-01T17:47:00.857Z",
      "object_repr": "nytt",
      "object_id": "59",
      "change_message": "",
      "user": [
        "martin"
      ],
      "content_type": [
        "events",
        "event"
      ]
    }
  },
  {
    "pk": 235,
    "model": "admin.logentry",
    "fields": {
      "action_flag": 3,
      "action_time": "2013-04-01T17:47:00.844Z",
      "object_repr": "nytt",
      "object_id": "60",
      "change_message": "",
      "user": [
        "martin"
      ],
      "content_type": [
        "events",
        "event"
      ]
    }
  },
  {
    "pk": 234,
    "model": "admin.logentry",
    "fields": {
      "action_flag": 3,
      "action_time": "2013-04-01T17:47:00.831Z",
      "object_repr": "nytt",
      "object_id": "61",
      "change_message": "",
      "user": [
        "martin"
      ],
      "content_type": [
        "events",
        "event"
      ]
    }
  },
  {
    "pk": 233,
    "model": "admin.logentry",
    "fields": {
      "action_flag": 3,
      "action_time": "2013-04-01T17:47:00.816Z",
      "object_repr": "nytt",
      "object_id": "62",
      "change_message": "",
      "user": [
        "martin"
      ],
      "content_type": [
        "events",
        "event"
      ]
    }
  },
  {
    "pk": 232,
    "model": "admin.logentry",
    "fields": {
      "action_flag": 3,
      "action_time": "2013-04-01T17:46:28.642Z",
      "object_repr": "nytt \u00de\u00e1ttakandi",
      "object_id": "28",
      "change_message": "",
      "user": [
        "martin"
      ],
      "content_type": [
        "events",
        "eventrole"
      ]
    }
  },
  {
    "pk": 231,
    "model": "admin.logentry",
    "fields": {
      "action_flag": 3,
      "action_time": "2013-04-01T17:46:28.629Z",
      "object_repr": "nytt Lei\u00f0beinandi",
      "object_id": "29",
      "change_message": "",
      "user": [
        "martin"
      ],
      "content_type": [
        "events",
        "eventrole"
      ]
    }
  },
  {
    "pk": 230,
    "model": "admin.logentry",
    "fields": {
      "action_flag": 3,
      "action_time": "2013-04-01T17:46:28.617Z",
      "object_repr": "nytt Lei\u00f0beinandi",
      "object_id": "30",
      "change_message": "",
      "user": [
        "martin"
      ],
      "content_type": [
        "events",
        "eventrole"
      ]
    }
  },
  {
    "pk": 229,
    "model": "admin.logentry",
    "fields": {
      "action_flag": 3,
      "action_time": "2013-04-01T17:46:28.605Z",
      "object_repr": "nytt Lei\u00f0beinandi",
      "object_id": "31",
      "change_message": "",
      "user": [
        "martin"
      ],
      "content_type": [
        "events",
        "eventrole"
      ]
    }
  },
  {
    "pk": 228,
    "model": "admin.logentry",
    "fields": {
      "action_flag": 3,
      "action_time": "2013-04-01T17:46:28.593Z",
      "object_repr": "nytt Lei\u00f0beinandi",
      "object_id": "32",
      "change_message": "",
      "user": [
        "martin"
      ],
      "content_type": [
        "events",
        "eventrole"
      ]
    }
  },
  {
    "pk": 227,
    "model": "admin.logentry",
    "fields": {
      "action_flag": 3,
      "action_time": "2013-04-01T17:46:28.580Z",
      "object_repr": "nytt Lei\u00f0beinandi",
      "object_id": "33",
      "change_message": "",
      "user": [
        "martin"
      ],
      "content_type": [
        "events",
        "eventrole"
      ]
    }
  },
  {
    "pk": 226,
    "model": "admin.logentry",
    "fields": {
      "action_flag": 3,
      "action_time": "2013-04-01T17:46:28.567Z",
      "object_repr": "nytt Lei\u00f0beinandi",
      "object_id": "34",
      "change_message": "",
      "user": [
        "martin"
      ],
      "content_type": [
        "events",
        "eventrole"
      ]
    }
  },
  {
    "pk": 225,
    "model": "admin.logentry",
    "fields": {
      "action_flag": 3,
      "action_time": "2013-04-01T17:46:28.554Z",
      "object_repr": "nytt Lei\u00f0beinandi",
      "object_id": "35",
      "change_message": "",
      "user": [
        "martin"
      ],
      "content_type": [
        "events",
        "eventrole"
      ]
    }
  },
  {
    "pk": 224,
    "model": "admin.logentry",
    "fields": {
      "action_flag": 3,
      "action_time": "2013-04-01T17:46:28.539Z",
      "object_repr": "nytt Lei\u00f0beinandi",
      "object_id": "36",
      "change_message": "",
      "user": [
        "martin"
      ],
      "content_type": [
        "events",
        "eventrole"
      ]
    }
  },
  {
    "pk": 223,
    "model": "admin.logentry",
    "fields": {
      "action_flag": 3,
      "action_time": "2013-04-01T17:46:28.526Z",
      "object_repr": "nytt Lei\u00f0beinandi",
      "object_id": "37",
      "change_message": "",
      "user": [
        "martin"
      ],
      "content_type": [
        "events",
        "eventrole"
      ]
    }
  },
  {
    "pk": 222,
    "model": "admin.logentry",
    "fields": {
      "action_flag": 3,
      "action_time": "2013-04-01T17:46:28.513Z",
      "object_repr": "nytt Lei\u00f0beinandi",
      "object_id": "38",
      "change_message": "",
      "user": [
        "martin"
      ],
      "content_type": [
        "events",
        "eventrole"
      ]
    }
  },
  {
    "pk": 221,
    "model": "admin.logentry",
    "fields": {
      "action_flag": 3,
      "action_time": "2013-04-01T17:46:28.500Z",
      "object_repr": "nytt Lei\u00f0beinandi",
      "object_id": "39",
      "change_message": "",
      "user": [
        "martin"
      ],
      "content_type": [
        "events",
        "eventrole"
      ]
    }
  },
  {
    "pk": 220,
    "model": "admin.logentry",
    "fields": {
      "action_flag": 3,
      "action_time": "2013-04-01T17:46:28.486Z",
      "object_repr": "nytt Lei\u00f0beinandi",
      "object_id": "40",
      "change_message": "",
      "user": [
        "martin"
      ],
      "content_type": [
        "events",
        "eventrole"
      ]
    }
  },
  {
    "pk": 219,
    "model": "admin.logentry",
    "fields": {
      "action_flag": 3,
      "action_time": "2013-04-01T17:46:28.470Z",
      "object_repr": "nytt Lei\u00f0beinandi",
      "object_id": "41",
      "change_message": "",
      "user": [
        "martin"
      ],
      "content_type": [
        "events",
        "eventrole"
      ]
    }
  },
  {
    "pk": 218,
    "model": "admin.logentry",
    "fields": {
      "action_flag": 1,
      "action_time": "2013-02-24T21:21:35.602Z",
      "object_repr": "Membership object",
      "object_id": "8",
      "change_message": "",
      "user": [
        "martin"
      ],
      "content_type": [
        "groups",
        "membership"
      ]
    }
  },
  {
    "pk": 217,
    "model": "admin.logentry",
    "fields": {
      "action_flag": 2,
      "action_time": "2013-02-24T21:20:25.146Z",
      "object_repr": "albert",
      "object_id": "8",
      "change_message": "Changed password, first_name and last_name.",
      "user": [
        "martin"
      ],
      "content_type": [
        "auth",
        "user"
      ]
    }
  },
  {
    "pk": 216,
    "model": "admin.logentry",
    "fields": {
      "action_flag": 1,
      "action_time": "2013-02-24T21:19:02.975Z",
      "object_repr": " ",
      "object_id": "8",
      "change_message": "",
      "user": [
        "martin"
      ],
      "content_type": [
        "members",
        "member"
      ]
    }
  },
  {
    "pk": 215,
    "model": "admin.logentry",
    "fields": {
      "action_flag": 1,
      "action_time": "2013-02-24T21:18:59.704Z",
      "object_repr": "albert",
      "object_id": "8",
      "change_message": "",
      "user": [
        "martin"
      ],
      "content_type": [
        "auth",
        "user"
      ]
    }
  },
  {
    "pk": 214,
    "model": "admin.logentry",
    "fields": {
      "action_flag": 1,
      "action_time": "2013-02-18T03:37:18.153Z",
      "object_repr": "B\u00edlah\u00f3pur, vinnukv\u00f6ld \u00c1byrg\u00f0arma\u00f0ur",
      "object_id": "27",
      "change_message": "",
      "user": [
        "martin"
      ],
      "content_type": [
        "events",
        "eventrole"
      ]
    }
  },
  {
    "pk": 213,
    "model": "admin.logentry",
    "fields": {
      "action_flag": 1,
      "action_time": "2013-02-18T03:36:53.633Z",
      "object_repr": "B\u00edlah\u00f3pur, vinnukv\u00f6ld \u00de\u00e1ttakandi",
      "object_id": "26",
      "change_message": "",
      "user": [
        "martin"
      ],
      "content_type": [
        "events",
        "eventrole"
      ]
    }
  },
  {
    "pk": 212,
    "model": "admin.logentry",
    "fields": {
      "action_flag": 1,
      "action_time": "2013-02-18T03:36:29.124Z",
      "object_repr": "\u00de\u00e1ttakandi",
      "object_id": "6",
      "change_message": "",
      "user": [
        "martin"
      ],
      "content_type": [
        "events",
        "role"
      ]
    }
  },
  {
    "pk": 211,
    "model": "admin.logentry",
    "fields": {
      "action_flag": 3,
      "action_time": "2013-02-18T03:34:16.356Z",
      "object_repr": "Prufum \u00feetta",
      "object_id": "33",
      "change_message": "",
      "user": [
        "martin"
      ],
      "content_type": [
        "events",
        "event"
      ]
    }
  },
  {
    "pk": 210,
    "model": "admin.logentry",
    "fields": {
      "action_flag": 3,
      "action_time": "2013-02-18T03:34:16.331Z",
      "object_repr": "N\u00fa me\u00f0 name=event_id",
      "object_id": "34",
      "change_message": "",
      "user": [
        "martin"
      ],
      "content_type": [
        "events",
        "event"
      ]
    }
  },
  {
    "pk": 209,
    "model": "admin.logentry",
    "fields": {
      "action_flag": 3,
      "action_time": "2013-02-18T03:34:16.312Z",
      "object_repr": "N\u00fa me\u00f0 name=event_id",
      "object_id": "35",
      "change_message": "",
      "user": [
        "martin"
      ],
      "content_type": [
        "events",
        "event"
      ]
    }
  },
  {
    "pk": 208,
    "model": "admin.logentry",
    "fields": {
      "action_flag": 3,
      "action_time": "2013-02-18T03:34:16.296Z",
      "object_repr": "N\u00fa me\u00f0 name=event_id",
      "object_id": "36",
      "change_message": "",
      "user": [
        "martin"
      ],
      "content_type": [
        "events",
        "event"
      ]
    }
  },
  {
    "pk": 207,
    "model": "admin.logentry",
    "fields": {
      "action_flag": 3,
      "action_time": "2013-02-18T03:34:16.279Z",
      "object_repr": "N\u00fa me\u00f0 n\u00fdtt nafn",
      "object_id": "37",
      "change_message": "",
      "user": [
        "martin"
      ],
      "content_type": [
        "events",
        "event"
      ]
    }
  },
  {
    "pk": 206,
    "model": "admin.logentry",
    "fields": {
      "action_flag": 3,
      "action_time": "2013-02-18T03:34:16.262Z",
      "object_repr": "N\u00fa me\u00f0 name=event_id",
      "object_id": "38",
      "change_message": "",
      "user": [
        "martin"
      ],
      "content_type": [
        "events",
        "event"
      ]
    }
  },
  {
    "pk": 205,
    "model": "admin.logentry",
    "fields": {
      "action_flag": 3,
      "action_time": "2013-02-18T03:34:16.246Z",
      "object_repr": "Titill",
      "object_id": "39",
      "change_message": "",
      "user": [
        "martin"
      ],
      "content_type": [
        "events",
        "event"
      ]
    }
  },
  {
    "pk": 204,
    "model": "admin.logentry",
    "fields": {
      "action_flag": 3,
      "action_time": "2013-02-18T03:34:16.219Z",
      "object_repr": "Titill",
      "object_id": "40",
      "change_message": "",
      "user": [
        "martin"
      ],
      "content_type": [
        "events",
        "event"
      ]
    }
  },
  {
    "pk": 203,
    "model": "admin.logentry",
    "fields": {
      "action_flag": 3,
      "action_time": "2013-02-18T03:34:16.195Z",
      "object_repr": "Titill",
      "object_id": "41",
      "change_message": "",
      "user": [
        "martin"
      ],
      "content_type": [
        "events",
        "event"
      ]
    }
  },
  {
    "pk": 202,
    "model": "admin.logentry",
    "fields": {
      "action_flag": 3,
      "action_time": "2013-02-16T23:48:11.436Z",
      "object_repr": "Tilraun me\u00f0 vi\u00f0br\u00f6g\u00f0in.",
      "object_id": "30",
      "change_message": "",
      "user": [
        "martin"
      ],
      "content_type": [
        "events",
        "event"
      ]
    }
  },
  {
    "pk": 201,
    "model": "admin.logentry",
    "fields": {
      "action_flag": 3,
      "action_time": "2013-02-16T23:48:11.421Z",
      "object_repr": "Test",
      "object_id": "31",
      "change_message": "",
      "user": [
        "martin"
      ],
      "content_type": [
        "events",
        "event"
      ]
    }
  },
  {
    "pk": 200,
    "model": "admin.logentry",
    "fields": {
      "action_flag": 3,
      "action_time": "2013-02-16T23:48:11.402Z",
      "object_repr": "Test me\u00f0 save_event()",
      "object_id": "32",
      "change_message": "",
      "user": [
        "martin"
      ],
      "content_type": [
        "events",
        "event"
      ]
    }
  },
  {
    "pk": 199,
    "model": "admin.logentry",
    "fields": {
      "action_flag": 3,
      "action_time": "2013-02-16T23:48:11.387Z",
      "object_repr": "Bla",
      "object_id": "33",
      "change_message": "",
      "user": [
        "martin"
      ],
      "content_type": [
        "events",
        "event"
      ]
    }
  },
  {
    "pk": 198,
    "model": "admin.logentry",
    "fields": {
      "action_flag": 3,
      "action_time": "2013-02-16T23:48:11.369Z",
      "object_repr": "Bla",
      "object_id": "34",
      "change_message": "",
      "user": [
        "martin"
      ],
      "content_type": [
        "events",
        "event"
      ]
    }
  },
  {
    "pk": 197,
    "model": "admin.logentry",
    "fields": {
      "action_flag": 3,
      "action_time": "2013-02-16T23:48:11.350Z",
      "object_repr": "Bla",
      "object_id": "35",
      "change_message": "",
      "user": [
        "martin"
      ],
      "content_type": [
        "events",
        "event"
      ]
    }
  },
  {
    "pk": 196,
    "model": "admin.logentry",
    "fields": {
      "action_flag": 3,
      "action_time": "2013-02-16T23:48:11.332Z",
      "object_repr": "Bla",
      "object_id": "36",
      "change_message": "",
      "user": [
        "martin"
      ],
      "content_type": [
        "events",
        "event"
      ]
    }
  },
  {
    "pk": 195,
    "model": "admin.logentry",
    "fields": {
      "action_flag": 3,
      "action_time": "2013-02-16T23:48:11.319Z",
      "object_repr": "Bla",
      "object_id": "37",
      "change_message": "",
      "user": [
        "martin"
      ],
      "content_type": [
        "events",
        "event"
      ]
    }
  },
  {
    "pk": 194,
    "model": "admin.logentry",
    "fields": {
      "action_flag": 3,
      "action_time": "2013-02-16T23:48:11.305Z",
      "object_repr": "Bla",
      "object_id": "38",
      "change_message": "",
      "user": [
        "martin"
      ],
      "content_type": [
        "events",
        "event"
      ]
    }
  },
  {
    "pk": 193,
    "model": "admin.logentry",
    "fields": {
      "action_flag": 3,
      "action_time": "2013-02-16T23:48:11.287Z",
      "object_repr": "Bla",
      "object_id": "39",
      "change_message": "",
      "user": [
        "martin"
      ],
      "content_type": [
        "events",
        "event"
      ]
    }
  },
  {
    "pk": 192,
    "model": "admin.logentry",
    "fields": {
      "action_flag": 3,
      "action_time": "2013-02-16T23:48:11.270Z",
      "object_repr": "Bla",
      "object_id": "40",
      "change_message": "",
      "user": [
        "martin"
      ],
      "content_type": [
        "events",
        "event"
      ]
    }
  },
  {
    "pk": 191,
    "model": "admin.logentry",
    "fields": {
      "action_flag": 3,
      "action_time": "2013-02-16T23:48:11.255Z",
      "object_repr": "Bla",
      "object_id": "41",
      "change_message": "",
      "user": [
        "martin"
      ],
      "content_type": [
        "events",
        "event"
      ]
    }
  },
  {
    "pk": 190,
    "model": "admin.logentry",
    "fields": {
      "action_flag": 3,
      "action_time": "2013-02-16T23:48:11.238Z",
      "object_repr": "Bla",
      "object_id": "42",
      "change_message": "",
      "user": [
        "martin"
      ],
      "content_type": [
        "events",
        "event"
      ]
    }
  },
  {
    "pk": 189,
    "model": "admin.logentry",
    "fields": {
      "action_flag": 3,
      "action_time": "2013-02-16T23:48:11.219Z",
      "object_repr": "Bla",
      "object_id": "43",
      "change_message": "",
      "user": [
        "martin"
      ],
      "content_type": [
        "events",
        "event"
      ]
    }
  },
  {
    "pk": 188,
    "model": "admin.logentry",
    "fields": {
      "action_flag": 3,
      "action_time": "2013-02-14T23:57:15.003Z",
      "object_repr": "Enn annar til a\u00f0 prufa breyturnar",
      "object_id": "33",
      "change_message": "",
      "user": [
        "martin"
      ],
      "content_type": [
        "events",
        "event"
      ]
    }
  },
  {
    "pk": 187,
    "model": "admin.logentry",
    "fields": {
      "action_flag": 3,
      "action_time": "2013-02-14T23:57:14.987Z",
      "object_repr": "Enn annar til a\u00f0 prufa breyturnar 2",
      "object_id": "34",
      "change_message": "",
      "user": [
        "martin"
      ],
      "content_type": [
        "events",
        "event"
      ]
    }
  },
  {
    "pk": 186,
    "model": "admin.logentry",
    "fields": {
      "action_flag": 3,
      "action_time": "2013-02-14T23:57:14.971Z",
      "object_repr": "Enn annar til a\u00f0 prufa breyturnar 3",
      "object_id": "35",
      "change_message": "",
      "user": [
        "martin"
      ],
      "content_type": [
        "events",
        "event"
      ]
    }
  },
  {
    "pk": 185,
    "model": "admin.logentry",
    "fields": {
      "action_flag": 3,
      "action_time": "2013-02-14T23:57:14.957Z",
      "object_repr": "Enn annar til a\u00f0 prufa breyturnar 4",
      "object_id": "36",
      "change_message": "",
      "user": [
        "martin"
      ],
      "content_type": [
        "events",
        "event"
      ]
    }
  },
  {
    "pk": 184,
    "model": "admin.logentry",
    "fields": {
      "action_flag": 3,
      "action_time": "2013-02-14T23:57:14.940Z",
      "object_repr": "Enn annar til a\u00f0 prufa breyturnar 5",
      "object_id": "37",
      "change_message": "",
      "user": [
        "martin"
      ],
      "content_type": [
        "events",
        "event"
      ]
    }
  },
  {
    "pk": 183,
    "model": "admin.logentry",
    "fields": {
      "action_flag": 3,
      "action_time": "2013-02-14T23:57:14.915Z",
      "object_repr": "Enn annar til a\u00f0 prufa breyturnar 6",
      "object_id": "38",
      "change_message": "",
      "user": [
        "martin"
      ],
      "content_type": [
        "events",
        "event"
      ]
    }
  },
  {
    "pk": 182,
    "model": "admin.logentry",
    "fields": {
      "action_flag": 3,
      "action_time": "2013-02-14T23:57:14.891Z",
      "object_repr": "Enn annar til a\u00f0 prufa breyturnar 7",
      "object_id": "39",
      "change_message": "",
      "user": [
        "martin"
      ],
      "content_type": [
        "events",
        "event"
      ]
    }
  },
  {
    "pk": 181,
    "model": "admin.logentry",
    "fields": {
      "action_flag": 3,
      "action_time": "2013-02-14T23:57:14.871Z",
      "object_repr": "Enn annar til a\u00f0 prufa breyturnar 8",
      "object_id": "40",
      "change_message": "",
      "user": [
        "martin"
      ],
      "content_type": [
        "events",
        "event"
      ]
    }
  },
  {
    "pk": 180,
    "model": "admin.logentry",
    "fields": {
      "action_flag": 3,
      "action_time": "2013-02-14T23:57:14.854Z",
      "object_repr": "Enn annar til a\u00f0 prufa breyturnar 9",
      "object_id": "41",
      "change_message": "",
      "user": [
        "martin"
      ],
      "content_type": [
        "events",
        "event"
      ]
    }
  },
  {
    "pk": 179,
    "model": "admin.logentry",
    "fields": {
      "action_flag": 3,
      "action_time": "2013-02-14T23:57:14.838Z",
      "object_repr": "Enn annar til a\u00f0 prufa breyturnar 10",
      "object_id": "42",
      "change_message": "",
      "user": [
        "martin"
      ],
      "content_type": [
        "events",
        "event"
      ]
    }
  },
  {
    "pk": 178,
    "model": "admin.logentry",
    "fields": {
      "action_flag": 3,
      "action_time": "2013-02-14T23:57:14.820Z",
      "object_repr": "Enn annar til a\u00f0 prufa breyturnar 11",
      "object_id": "43",
      "change_message": "",
      "user": [
        "martin"
      ],
      "content_type": [
        "events",
        "event"
      ]
    }
  },
  {
    "pk": 177,
    "model": "admin.logentry",
    "fields": {
      "action_flag": 3,
      "action_time": "2013-02-14T23:57:14.798Z",
      "object_repr": "Enn annar til a\u00f0 prufa breyturnar 12",
      "object_id": "44",
      "change_message": "",
      "user": [
        "martin"
      ],
      "content_type": [
        "events",
        "event"
      ]
    }
  },
  {
    "pk": 176,
    "model": "admin.logentry",
    "fields": {
      "action_flag": 3,
      "action_time": "2013-02-14T23:57:14.778Z",
      "object_repr": "Enn annar til a\u00f0 prufa breyturnar 13",
      "object_id": "45",
      "change_message": "",
      "user": [
        "martin"
      ],
      "content_type": [
        "events",
        "event"
      ]
    }
  },
  {
    "pk": 175,
    "model": "admin.logentry",
    "fields": {
      "action_flag": 3,
      "action_time": "2013-02-14T23:57:14.762Z",
      "object_repr": "Enn annar til a\u00f0 prufa breyturnar 14",
      "object_id": "46",
      "change_message": "",
      "user": [
        "martin"
      ],
      "content_type": [
        "events",
        "event"
      ]
    }
  },
  {
    "pk": 174,
    "model": "admin.logentry",
    "fields": {
      "action_flag": 3,
      "action_time": "2013-02-14T23:57:14.745Z",
      "object_repr": "Enn annar til a\u00f0 prufa breyturnar 15",
      "object_id": "47",
      "change_message": "",
      "user": [
        "martin"
      ],
      "content_type": [
        "events",
        "event"
      ]
    }
  },
  {
    "pk": 173,
    "model": "admin.logentry",
    "fields": {
      "action_flag": 3,
      "action_time": "2013-02-14T23:57:14.733Z",
      "object_repr": "Enn annar til a\u00f0 prufa breyturnar 16",
      "object_id": "48",
      "change_message": "",
      "user": [
        "martin"
      ],
      "content_type": [
        "events",
        "event"
      ]
    }
  },
  {
    "pk": 172,
    "model": "admin.logentry",
    "fields": {
      "action_flag": 3,
      "action_time": "2013-02-14T23:57:14.718Z",
      "object_repr": "Enn annar til a\u00f0 prufa breyturnar 17",
      "object_id": "49",
      "change_message": "",
      "user": [
        "martin"
      ],
      "content_type": [
        "events",
        "event"
      ]
    }
  },
  {
    "pk": 171,
    "model": "admin.logentry",
    "fields": {
      "action_flag": 3,
      "action_time": "2013-02-14T23:57:14.687Z",
      "object_repr": "Enn annar til a\u00f0 prufa breyturnar 18",
      "object_id": "50",
      "change_message": "",
      "user": [
        "martin"
      ],
      "content_type": [
        "events",
        "event"
      ]
    }
  },
  {
    "pk": 170,
    "model": "admin.logentry",
    "fields": {
      "action_flag": 3,
      "action_time": "2013-02-14T23:57:14.670Z",
      "object_repr": "Enn annar til a\u00f0 prufa breyturnar 19",
      "object_id": "51",
      "change_message": "",
      "user": [
        "martin"
      ],
      "content_type": [
        "events",
        "event"
      ]
    }
  },
  {
    "pk": 169,
    "model": "admin.logentry",
    "fields": {
      "action_flag": 3,
      "action_time": "2013-02-14T23:57:14.654Z",
      "object_repr": "Enn annar til a\u00f0 prufa breyturnar 20",
      "object_id": "52",
      "change_message": "",
      "user": [
        "martin"
      ],
      "content_type": [
        "events",
        "event"
      ]
    }
  },
  {
    "pk": 168,
    "model": "admin.logentry",
    "fields": {
      "action_flag": 3,
      "action_time": "2013-02-14T23:57:14.638Z",
      "object_repr": "Enn annar til a\u00f0 prufa breyturnar 21",
      "object_id": "53",
      "change_message": "",
      "user": [
        "martin"
      ],
      "content_type": [
        "events",
        "event"
      ]
    }
  },
  {
    "pk": 167,
    "model": "admin.logentry",
    "fields": {
      "action_flag": 3,
      "action_time": "2013-02-14T23:57:14.614Z",
      "object_repr": "Enn annar til a\u00f0 prufa breyturnar 22",
      "object_id": "54",
      "change_message": "",
      "user": [
        "martin"
      ],
      "content_type": [
        "events",
        "event"
      ]
    }
  },
  {
    "pk": 166,
    "model": "admin.logentry",
    "fields": {
      "action_flag": 3,
      "action_time": "2013-02-14T23:57:14.598Z",
      "object_repr": "Enn annar til a\u00f0 prufa breyturnar 23",
      "object_id": "55",
      "change_message": "",
      "user": [
        "martin"
      ],
      "content_type": [
        "events",
        "event"
      ]
    }
  },
  {
    "pk": 165,
    "model": "admin.logentry",
    "fields": {
      "action_flag": 3,
      "action_time": "2013-02-14T23:57:14.575Z",
      "object_repr": "Enn annar til a\u00f0 prufa breyturnar 24",
      "object_id": "56",
      "change_message": "",
      "user": [
        "martin"
      ],
      "content_type": [
        "events",
        "event"
      ]
    }
  },
  {
    "pk": 164,
    "model": "admin.logentry",
    "fields": {
      "action_flag": 3,
      "action_time": "2013-02-14T23:57:14.559Z",
      "object_repr": "Enn annar til a\u00f0 prufa breyturnar 25",
      "object_id": "57",
      "change_message": "",
      "user": [
        "martin"
      ],
      "content_type": [
        "events",
        "event"
      ]
    }
  },
  {
    "pk": 163,
    "model": "admin.logentry",
    "fields": {
      "action_flag": 3,
      "action_time": "2013-02-14T23:57:14.543Z",
      "object_repr": "Enn annar til a\u00f0 prufa breyturnar 26",
      "object_id": "58",
      "change_message": "",
      "user": [
        "martin"
      ],
      "content_type": [
        "events",
        "event"
      ]
    }
  },
  {
    "pk": 162,
    "model": "admin.logentry",
    "fields": {
      "action_flag": 3,
      "action_time": "2013-02-14T23:57:14.521Z",
      "object_repr": "Enn annar til a\u00f0 prufa breyturnar 27",
      "object_id": "59",
      "change_message": "",
      "user": [
        "martin"
      ],
      "content_type": [
        "events",
        "event"
      ]
    }
  },
  {
    "pk": 161,
    "model": "admin.logentry",
    "fields": {
      "action_flag": 1,
      "action_time": "2013-02-12T21:15:27.524Z",
      "object_repr": "Undanfarar, dagsfer\u00f0 Bj\u00f6rgunarma\u00f0ur",
      "object_id": "25",
      "change_message": "",
      "user": [
        "martin"
      ],
      "content_type": [
        "events",
        "eventrole"
      ]
    }
  },
  {
    "pk": 160,
    "model": "admin.logentry",
    "fields": {
      "action_flag": 1,
      "action_time": "2013-02-12T21:15:08.662Z",
      "object_repr": "Fjallah\u00f3pur, \u00e6fing Bj\u00f6rgunarma\u00f0ur",
      "object_id": "24",
      "change_message": "",
      "user": [
        "martin"
      ],
      "content_type": [
        "events",
        "eventrole"
      ]
    }
  },
  {
    "pk": 159,
    "model": "admin.logentry",
    "fields": {
      "action_flag": 1,
      "action_time": "2013-02-12T21:14:52.723Z",
      "object_repr": "Undanfarar, sam\u00e6fing Bj\u00f6rgunarma\u00f0ur",
      "object_id": "23",
      "change_message": "",
      "user": [
        "martin"
      ],
      "content_type": [
        "events",
        "eventrole"
      ]
    }
  },
  {
    "pk": 158,
    "model": "admin.logentry",
    "fields": {
      "action_flag": 1,
      "action_time": "2013-02-12T21:14:34.194Z",
      "object_repr": "B\u00edlah\u00f3pur, vinnukv\u00f6ld Bj\u00f6rgunarma\u00f0ur",
      "object_id": "22",
      "change_message": "",
      "user": [
        "martin"
      ],
      "content_type": [
        "events",
        "eventrole"
      ]
    }
  },
  {
    "pk": 157,
    "model": "admin.logentry",
    "fields": {
      "action_flag": 1,
      "action_time": "2013-02-12T21:14:21.004Z",
      "object_repr": "B\u00edlah\u00f3pur, vinnukv\u00f6ld Bj\u00f6rgunarma\u00f0ur",
      "object_id": "21",
      "change_message": "",
      "user": [
        "martin"
      ],
      "content_type": [
        "events",
        "eventrole"
      ]
    }
  },
  {
    "pk": 156,
    "model": "admin.logentry",
    "fields": {
      "action_flag": 1,
      "action_time": "2013-02-12T21:13:46.313Z",
      "object_repr": "Snj\u00f3fl\u00f3\u00f0an\u00e1mskei\u00f0, verklegi hluti Bj\u00f6rgunarma\u00f0ur",
      "object_id": "20",
      "change_message": "",
      "user": [
        "martin"
      ],
      "content_type": [
        "events",
        "eventrole"
      ]
    }
  },
  {
    "pk": 155,
    "model": "admin.logentry",
    "fields": {
      "action_flag": 1,
      "action_time": "2013-02-12T21:13:17.768Z",
      "object_repr": "Snj\u00f3fl\u00f3\u00f0an\u00e1mskei\u00f0, verklegi hluti Lei\u00f0beinandi",
      "object_id": "19",
      "change_message": "",
      "user": [
        "martin"
      ],
      "content_type": [
        "events",
        "eventrole"
      ]
    }
  },
  {
    "pk": 154,
    "model": "admin.logentry",
    "fields": {
      "action_flag": 2,
      "action_time": "2013-02-12T19:11:26.952Z",
      "object_repr": "S\u00fdnivi\u00f0bur\u00f0ur Bj\u00f6rgunarma\u00f0ur",
      "object_id": "18",
      "change_message": "Changed maximum.",
      "user": [
        "martin"
      ],
      "content_type": [
        "events",
        "eventrole"
      ]
    }
  },
  {
    "pk": 153,
    "model": "admin.logentry",
    "fields": {
      "action_flag": 3,
      "action_time": "2013-02-12T18:27:20.578Z",
      "object_repr": "Titillinn",
      "object_id": "18",
      "change_message": "",
      "user": [
        "martin"
      ],
      "content_type": [
        "events",
        "event"
      ]
    }
  },
  {
    "pk": 152,
    "model": "admin.logentry",
    "fields": {
      "action_flag": 3,
      "action_time": "2013-02-12T18:27:20.562Z",
      "object_repr": "Titillinn",
      "object_id": "19",
      "change_message": "",
      "user": [
        "martin"
      ],
      "content_type": [
        "events",
        "event"
      ]
    }
  },
  {
    "pk": 151,
    "model": "admin.logentry",
    "fields": {
      "action_flag": 3,
      "action_time": "2013-02-12T18:27:20.545Z",
      "object_repr": "Titillinn",
      "object_id": "20",
      "change_message": "",
      "user": [
        "martin"
      ],
      "content_type": [
        "events",
        "event"
      ]
    }
  },
  {
    "pk": 150,
    "model": "admin.logentry",
    "fields": {
      "action_flag": 3,
      "action_time": "2013-02-12T18:27:20.531Z",
      "object_repr": "Titillinn",
      "object_id": "21",
      "change_message": "",
      "user": [
        "martin"
      ],
      "content_type": [
        "events",
        "event"
      ]
    }
  },
  {
    "pk": 149,
    "model": "admin.logentry",
    "fields": {
      "action_flag": 3,
      "action_time": "2013-02-12T18:27:20.510Z",
      "object_repr": "Titillinn",
      "object_id": "22",
      "change_message": "",
      "user": [
        "martin"
      ],
      "content_type": [
        "events",
        "event"
      ]
    }
  },
  {
    "pk": 148,
    "model": "admin.logentry",
    "fields": {
      "action_flag": 1,
      "action_time": "2013-02-12T18:21:20.781Z",
      "object_repr": "S\u00fdnivi\u00f0bur\u00f0ur Bj\u00f6rgunarma\u00f0ur",
      "object_id": "18",
      "change_message": "",
      "user": [
        "martin"
      ],
      "content_type": [
        "events",
        "eventrole"
      ]
    }
  },
  {
    "pk": 147,
    "model": "admin.logentry",
    "fields": {
      "action_flag": 1,
      "action_time": "2013-02-12T18:20:40.119Z",
      "object_repr": "S\u00fdnivi\u00f0bur\u00f0ur \u00deolandi",
      "object_id": "17",
      "change_message": "",
      "user": [
        "martin"
      ],
      "content_type": [
        "events",
        "eventrole"
      ]
    }
  },
  {
    "pk": 146,
    "model": "admin.logentry",
    "fields": {
      "action_flag": 1,
      "action_time": "2013-02-12T18:20:04.170Z",
      "object_repr": "S\u00fdnivi\u00f0bur\u00f0ur Lei\u00f0beinandi",
      "object_id": "16",
      "change_message": "",
      "user": [
        "martin"
      ],
      "content_type": [
        "events",
        "eventrole"
      ]
    }
  },
  {
    "pk": 145,
    "model": "admin.logentry",
    "fields": {
      "action_flag": 1,
      "action_time": "2013-02-12T18:19:38.733Z",
      "object_repr": "S\u00fdnivi\u00f0bur\u00f0ur \u00d6kuma\u00f0ur",
      "object_id": "15",
      "change_message": "",
      "user": [
        "martin"
      ],
      "content_type": [
        "events",
        "eventrole"
      ]
    }
  },
  {
    "pk": 144,
    "model": "admin.logentry",
    "fields": {
      "action_flag": 1,
      "action_time": "2013-02-12T18:19:11.528Z",
      "object_repr": "S\u00fdnivi\u00f0bur\u00f0ur \u00c1byrg\u00f0arma\u00f0ur",
      "object_id": "14",
      "change_message": "",
      "user": [
        "martin"
      ],
      "content_type": [
        "events",
        "eventrole"
      ]
    }
  },
  {
    "pk": 143,
    "model": "admin.logentry",
    "fields": {
      "action_flag": 1,
      "action_time": "2013-02-12T18:06:28.222Z",
      "object_repr": "Bj\u00f6rn Patrick Swift",
      "object_id": "7",
      "change_message": "",
      "user": [
        "martin"
      ],
      "content_type": [
        "members",
        "member"
      ]
    }
  },
  {
    "pk": 142,
    "model": "admin.logentry",
    "fields": {
      "action_flag": 2,
      "action_time": "2013-02-12T18:05:55.925Z",
      "object_repr": "bjorn",
      "object_id": "7",
      "change_message": "Changed password, first_name, last_name, email, is_staff and is_superuser.",
      "user": [
        "martin"
      ],
      "content_type": [
        "auth",
        "user"
      ]
    }
  },
  {
    "pk": 141,
    "model": "admin.logentry",
    "fields": {
      "action_flag": 1,
      "action_time": "2013-02-12T18:05:39.184Z",
      "object_repr": "bjorn",
      "object_id": "7",
      "change_message": "",
      "user": [
        "martin"
      ],
      "content_type": [
        "auth",
        "user"
      ]
    }
  },
  {
    "pk": 140,
    "model": "admin.logentry",
    "fields": {
      "action_flag": 3,
      "action_time": "2013-02-12T16:56:43.122Z",
      "object_repr": "test",
      "object_id": "18",
      "change_message": "",
      "user": [
        "martin"
      ],
      "content_type": [
        "events",
        "event"
      ]
    }
  },
  {
    "pk": 139,
    "model": "admin.logentry",
    "fields": {
      "action_flag": 3,
      "action_time": "2013-02-12T16:56:43.106Z",
      "object_repr": "test",
      "object_id": "19",
      "change_message": "",
      "user": [
        "martin"
      ],
      "content_type": [
        "events",
        "event"
      ]
    }
  },
  {
    "pk": 138,
    "model": "admin.logentry",
    "fields": {
      "action_flag": 3,
      "action_time": "2013-02-12T16:56:43.089Z",
      "object_repr": "test",
      "object_id": "20",
      "change_message": "",
      "user": [
        "martin"
      ],
      "content_type": [
        "events",
        "event"
      ]
    }
  },
  {
    "pk": 137,
    "model": "admin.logentry",
    "fields": {
      "action_flag": 3,
      "action_time": "2013-02-12T16:56:43.072Z",
      "object_repr": "test",
      "object_id": "21",
      "change_message": "",
      "user": [
        "martin"
      ],
      "content_type": [
        "events",
        "event"
      ]
    }
  },
  {
    "pk": 136,
    "model": "admin.logentry",
    "fields": {
      "action_flag": 3,
      "action_time": "2013-02-12T16:56:43.058Z",
      "object_repr": "test",
      "object_id": "22",
      "change_message": "",
      "user": [
        "martin"
      ],
      "content_type": [
        "events",
        "event"
      ]
    }
  },
  {
    "pk": 135,
    "model": "admin.logentry",
    "fields": {
      "action_flag": 3,
      "action_time": "2013-02-12T16:56:43.039Z",
      "object_repr": "test",
      "object_id": "23",
      "change_message": "",
      "user": [
        "martin"
      ],
      "content_type": [
        "events",
        "event"
      ]
    }
  },
  {
    "pk": 134,
    "model": "admin.logentry",
    "fields": {
      "action_flag": 3,
      "action_time": "2013-02-12T16:44:06.154Z",
      "object_repr": "test",
      "object_id": "18",
      "change_message": "",
      "user": [
        "martin"
      ],
      "content_type": [
        "events",
        "event"
      ]
    }
  },
  {
    "pk": 133,
    "model": "admin.logentry",
    "fields": {
      "action_flag": 3,
      "action_time": "2013-02-12T16:42:51.268Z",
      "object_repr": "test",
      "object_id": "18",
      "change_message": "",
      "user": [
        "martin"
      ],
      "content_type": [
        "events",
        "event"
      ]
    }
  },
  {
    "pk": 132,
    "model": "admin.logentry",
    "fields": {
      "action_flag": 3,
      "action_time": "2013-02-12T16:42:51.252Z",
      "object_repr": "test",
      "object_id": "19",
      "change_message": "",
      "user": [
        "martin"
      ],
      "content_type": [
        "events",
        "event"
      ]
    }
  },
  {
    "pk": 131,
    "model": "admin.logentry",
    "fields": {
      "action_flag": 3,
      "action_time": "2013-02-12T16:42:51.236Z",
      "object_repr": "test",
      "object_id": "20",
      "change_message": "",
      "user": [
        "martin"
      ],
      "content_type": [
        "events",
        "event"
      ]
    }
  },
  {
    "pk": 130,
    "model": "admin.logentry",
    "fields": {
      "action_flag": 3,
      "action_time": "2013-02-12T16:42:51.217Z",
      "object_repr": "test",
      "object_id": "21",
      "change_message": "",
      "user": [
        "martin"
      ],
      "content_type": [
        "events",
        "event"
      ]
    }
  },
  {
    "pk": 129,
    "model": "admin.logentry",
    "fields": {
      "action_flag": 3,
      "action_time": "2013-02-12T16:37:30.286Z",
      "object_repr": "test",
      "object_id": "18",
      "change_message": "",
      "user": [
        "martin"
      ],
      "content_type": [
        "events",
        "event"
      ]
    }
  },
  {
    "pk": 128,
    "model": "admin.logentry",
    "fields": {
      "action_flag": 3,
      "action_time": "2013-02-12T16:02:15.154Z",
      "object_repr": "",
      "object_id": "18",
      "change_message": "",
      "user": [
        "martin"
      ],
      "content_type": [
        "events",
        "event"
      ]
    }
  },
  {
    "pk": 127,
    "model": "admin.logentry",
    "fields": {
      "action_flag": 3,
      "action_time": "2013-02-12T16:02:15.141Z",
      "object_repr": "test",
      "object_id": "19",
      "change_message": "",
      "user": [
        "martin"
      ],
      "content_type": [
        "events",
        "event"
      ]
    }
  },
  {
    "pk": 126,
    "model": "admin.logentry",
    "fields": {
      "action_flag": 3,
      "action_time": "2013-02-12T16:02:15.128Z",
      "object_repr": "test",
      "object_id": "20",
      "change_message": "",
      "user": [
        "martin"
      ],
      "content_type": [
        "events",
        "event"
      ]
    }
  },
  {
    "pk": 125,
    "model": "admin.logentry",
    "fields": {
      "action_flag": 3,
      "action_time": "2013-02-12T16:02:15.112Z",
      "object_repr": "test",
      "object_id": "21",
      "change_message": "",
      "user": [
        "martin"
      ],
      "content_type": [
        "events",
        "event"
      ]
    }
  },
  {
    "pk": 124,
    "model": "admin.logentry",
    "fields": {
      "action_flag": 1,
      "action_time": "2013-02-11T23:28:17.410Z",
      "object_repr": "Hlutverkalaus vi\u00f0bur\u00f0ur",
      "object_id": "17",
      "change_message": "",
      "user": [
        "martin"
      ],
      "content_type": [
        "events",
        "event"
      ]
    }
  },
  {
    "pk": 123,
    "model": "admin.logentry",
    "fields": {
      "action_flag": 2,
      "action_time": "2013-02-10T16:30:43.272Z",
      "object_repr": "stefanba",
      "object_id": "6",
      "change_message": "Changed password and is_superuser.",
      "user": [
        "martin"
      ],
      "content_type": [
        "auth",
        "user"
      ]
    }
  },
  {
    "pk": 122,
    "model": "admin.logentry",
    "fields": {
      "action_flag": 2,
      "action_time": "2013-02-10T16:29:33.939Z",
      "object_repr": "stefanba",
      "object_id": "6",
      "change_message": "Changed password, first_name, last_name, is_staff and groups.",
      "user": [
        "martin"
      ],
      "content_type": [
        "auth",
        "user"
      ]
    }
  },
  {
    "pk": 121,
    "model": "admin.logentry",
    "fields": {
      "action_flag": 1,
      "action_time": "2013-02-10T16:27:46.384Z",
      "object_repr": " ",
      "object_id": "6",
      "change_message": "",
      "user": [
        "martin"
      ],
      "content_type": [
        "members",
        "member"
      ]
    }
  },
  {
    "pk": 120,
    "model": "admin.logentry",
    "fields": {
      "action_flag": 1,
      "action_time": "2013-02-10T16:26:43.070Z",
      "object_repr": "stefanba",
      "object_id": "6",
      "change_message": "",
      "user": [
        "martin"
      ],
      "content_type": [
        "auth",
        "user"
      ]
    }
  },
  {
    "pk": 119,
    "model": "admin.logentry",
    "fields": {
      "action_flag": 1,
      "action_time": "2013-02-10T13:29:28.683Z",
      "object_repr": "Framt\u00ed\u00f0arvi\u00f0bur\u00f0ur \u00c1byrg\u00f0arma\u00f0ur",
      "object_id": "13",
      "change_message": "",
      "user": [
        "martin"
      ],
      "content_type": [
        "events",
        "eventrole"
      ]
    }
  },
  {
    "pk": 118,
    "model": "admin.logentry",
    "fields": {
      "action_flag": 1,
      "action_time": "2013-02-10T13:26:27.635Z",
      "object_repr": "N\u00e1mskei\u00f0 Lei\u00f0beinandi",
      "object_id": "12",
      "change_message": "",
      "user": [
        "martin"
      ],
      "content_type": [
        "events",
        "eventrole"
      ]
    }
  },
  {
    "pk": 117,
    "model": "admin.logentry",
    "fields": {
      "action_flag": 1,
      "action_time": "2013-02-10T01:55:31.618Z",
      "object_repr": "Framt\u00ed\u00f0arvi\u00f0bur\u00f0ur",
      "object_id": "16",
      "change_message": "",
      "user": [
        "martin"
      ],
      "content_type": [
        "events",
        "event"
      ]
    }
  },
  {
    "pk": 116,
    "model": "admin.logentry",
    "fields": {
      "action_flag": 2,
      "action_time": "2013-02-08T14:33:04.284Z",
      "object_repr": "N\u00e1mskei\u00f0 Bj\u00f6rgunarma\u00f0ur",
      "object_id": "11",
      "change_message": "Added member invitation \"N\u00e1mskei\u00f0 Bj\u00f6rgunarma\u00f0ur>martin\". Added member invitation \"N\u00e1mskei\u00f0 Bj\u00f6rgunarma\u00f0ur>olijon\".",
      "user": [
        "martin"
      ],
      "content_type": [
        "events",
        "eventrole"
      ]
    }
  },
  {
    "pk": 115,
    "model": "admin.logentry",
    "fields": {
      "action_flag": 2,
      "action_time": "2013-02-08T02:39:15.352Z",
      "object_repr": "N\u00e1mskei\u00f0 Bj\u00f6rgunarma\u00f0ur",
      "object_id": "11",
      "change_message": "Added member invitation \"N\u00e1mskei\u00f0 Bj\u00f6rgunarma\u00f0ur>gbriem\". Added group invitation \"N\u00e1mskei\u00f0 Bj\u00f6rgunarma\u00f0ur>V\u00e9lhj\u00f3lah\u00f3pur\".",
      "user": [
        "martin"
      ],
      "content_type": [
        "events",
        "eventrole"
      ]
    }
  },
  {
    "pk": 114,
    "model": "admin.logentry",
    "fields": {
      "action_flag": 2,
      "action_time": "2013-02-08T01:30:23.735Z",
      "object_repr": "N\u00e1mskei\u00f0",
      "object_id": "15",
      "change_message": "Deleted event role \"N\u00e1mskei\u00f0 Lei\u00f0beinandi\".",
      "user": [
        "martin"
      ],
      "content_type": [
        "events",
        "event"
      ]
    }
  },
  {
    "pk": 113,
    "model": "admin.logentry",
    "fields": {
      "action_flag": 1,
      "action_time": "2013-02-07T01:22:48.596Z",
      "object_repr": "N\u00e1mskei\u00f0",
      "object_id": "15",
      "change_message": "",
      "user": [
        "martin"
      ],
      "content_type": [
        "events",
        "event"
      ]
    }
  },
  {
    "pk": 112,
    "model": "admin.logentry",
    "fields": {
      "action_flag": 2,
      "action_time": "2012-11-27T19:35:31.618Z",
      "object_repr": "Kynning \u00e1 kerfinu",
      "object_id": "14",
      "change_message": "Added event role \"Kynning \u00e1 kerfinu \u00c1byrg\u00f0arma\u00f0ur\". Added event role \"Kynning \u00e1 kerfinu Lei\u00f0beinandi\". Added event role \"Kynning \u00e1 kerfinu Bj\u00f6rgunarma\u00f0ur\".",
      "user": [
        "martin"
      ],
      "content_type": [
        "events",
        "event"
      ]
    }
  },
  {
    "pk": 111,
    "model": "admin.logentry",
    "fields": {
      "action_flag": 3,
      "action_time": "2012-11-12T23:46:08.514Z",
      "object_repr": "Eftirb\u00e1tar",
      "object_id": "17",
      "change_message": "",
      "user": [
        "martin"
      ],
      "content_type": [
        "groups",
        "group"
      ]
    }
  },
  {
    "pk": 110,
    "model": "admin.logentry",
    "fields": {
      "action_flag": 1,
      "action_time": "2012-11-12T23:45:07.736Z",
      "object_repr": "N\u00fdli\u00f0ar",
      "object_id": "22",
      "change_message": "",
      "user": [
        "martin"
      ],
      "content_type": [
        "groups",
        "group"
      ]
    }
  },
  {
    "pk": 109,
    "model": "admin.logentry",
    "fields": {
      "action_flag": 1,
      "action_time": "2012-11-12T23:42:30.334Z",
      "object_repr": "Hengilsnefnd",
      "object_id": "21",
      "change_message": "",
      "user": [
        "martin"
      ],
      "content_type": [
        "groups",
        "group"
      ]
    }
  },
  {
    "pk": 108,
    "model": "admin.logentry",
    "fields": {
      "action_flag": 1,
      "action_time": "2012-11-12T23:41:48.310Z",
      "object_repr": "H\u00fasn\u00e6\u00f0isnefnd",
      "object_id": "20",
      "change_message": "",
      "user": [
        "martin"
      ],
      "content_type": [
        "groups",
        "group"
      ]
    }
  },
  {
    "pk": 107,
    "model": "admin.logentry",
    "fields": {
      "action_flag": 1,
      "action_time": "2012-11-12T23:41:10.461Z",
      "object_repr": "Flugeldanefnd",
      "object_id": "19",
      "change_message": "",
      "user": [
        "martin"
      ],
      "content_type": [
        "groups",
        "group"
      ]
    }
  },
  {
    "pk": 106,
    "model": "admin.logentry",
    "fields": {
      "action_flag": 1,
      "action_time": "2012-11-12T23:40:30.367Z",
      "object_repr": "F\u00f3tboltah\u00f3pur",
      "object_id": "18",
      "change_message": "",
      "user": [
        "martin"
      ],
      "content_type": [
        "groups",
        "group"
      ]
    }
  },
  {
    "pk": 105,
    "model": "admin.logentry",
    "fields": {
      "action_flag": 1,
      "action_time": "2012-11-12T23:39:22.217Z",
      "object_repr": "Eftirb\u00e1tar",
      "object_id": "17",
      "change_message": "",
      "user": [
        "martin"
      ],
      "content_type": [
        "groups",
        "group"
      ]
    }
  },
  {
    "pk": 104,
    "model": "admin.logentry",
    "fields": {
      "action_flag": 1,
      "action_time": "2012-11-12T15:20:38.533Z",
      "object_repr": "\u00deri\u00f0ja bylgjan",
      "object_id": "16",
      "change_message": "",
      "user": [
        "martin"
      ],
      "content_type": [
        "groups",
        "group"
      ]
    }
  },
  {
    "pk": 103,
    "model": "admin.logentry",
    "fields": {
      "action_flag": 1,
      "action_time": "2012-11-12T15:19:27.724Z",
      "object_repr": "V\u00e9lhj\u00f3lah\u00f3pur",
      "object_id": "15",
      "change_message": "",
      "user": [
        "martin"
      ],
      "content_type": [
        "groups",
        "group"
      ]
    }
  },
  {
    "pk": 102,
    "model": "admin.logentry",
    "fields": {
      "action_flag": 1,
      "action_time": "2012-11-12T15:18:49.722Z",
      "object_repr": "Undanfarar",
      "object_id": "14",
      "change_message": "",
      "user": [
        "martin"
      ],
      "content_type": [
        "groups",
        "group"
      ]
    }
  },
  {
    "pk": 101,
    "model": "admin.logentry",
    "fields": {
      "action_flag": 1,
      "action_time": "2012-11-12T15:18:26.358Z",
      "object_repr": "Stj\u00f3rn",
      "object_id": "13",
      "change_message": "",
      "user": [
        "martin"
      ],
      "content_type": [
        "groups",
        "group"
      ]
    }
  },
  {
    "pk": 100,
    "model": "admin.logentry",
    "fields": {
      "action_flag": 1,
      "action_time": "2012-11-12T15:17:56.145Z",
      "object_repr": "Snj\u00f3b\u00edlsh\u00f3pur",
      "object_id": "12",
      "change_message": "",
      "user": [
        "martin"
      ],
      "content_type": [
        "groups",
        "group"
      ]
    }
  },
  {
    "pk": 99,
    "model": "admin.logentry",
    "fields": {
      "action_flag": 1,
      "action_time": "2012-11-12T15:17:19.863Z",
      "object_repr": "Sle\u00f0ah\u00f3pur",
      "object_id": "11",
      "change_message": "",
      "user": [
        "martin"
      ],
      "content_type": [
        "groups",
        "group"
      ]
    }
  },
  {
    "pk": 98,
    "model": "admin.logentry",
    "fields": {
      "action_flag": 1,
      "action_time": "2012-11-12T15:16:49.557Z",
      "object_repr": "Sj\u00fakrah\u00f3pur",
      "object_id": "10",
      "change_message": "",
      "user": [
        "martin"
      ],
      "content_type": [
        "groups",
        "group"
      ]
    }
  },
  {
    "pk": 97,
    "model": "admin.logentry",
    "fields": {
      "action_flag": 1,
      "action_time": "2012-11-12T15:16:02.785Z",
      "object_repr": "Leitarh\u00f3pur",
      "object_id": "9",
      "change_message": "",
      "user": [
        "martin"
      ],
      "content_type": [
        "groups",
        "group"
      ]
    }
  },
  {
    "pk": 96,
    "model": "admin.logentry",
    "fields": {
      "action_flag": 1,
      "action_time": "2012-11-12T15:15:44.151Z",
      "object_repr": "Leitarhundar",
      "object_id": "8",
      "change_message": "",
      "user": [
        "martin"
      ],
      "content_type": [
        "groups",
        "group"
      ]
    }
  },
  {
    "pk": 95,
    "model": "admin.logentry",
    "fields": {
      "action_flag": 1,
      "action_time": "2012-11-12T15:13:32.351Z",
      "object_repr": "Fjallah\u00f3pur",
      "object_id": "7",
      "change_message": "",
      "user": [
        "martin"
      ],
      "content_type": [
        "groups",
        "group"
      ]
    }
  },
  {
    "pk": 94,
    "model": "admin.logentry",
    "fields": {
      "action_flag": 2,
      "action_time": "2012-08-22T17:52:12.196Z",
      "object_repr": "skagfjord",
      "object_id": "5",
      "change_message": "Changed password, first_name and last_name.",
      "user": [
        "martin"
      ],
      "content_type": [
        "auth",
        "user"
      ]
    }
  },
  {
    "pk": 93,
    "model": "admin.logentry",
    "fields": {
      "action_flag": 1,
      "action_time": "2012-08-22T17:51:22.256Z",
      "object_repr": " ",
      "object_id": "5",
      "change_message": "",
      "user": [
        "martin"
      ],
      "content_type": [
        "members",
        "member"
      ]
    }
  },
  {
    "pk": 92,
    "model": "admin.logentry",
    "fields": {
      "action_flag": 1,
      "action_time": "2012-08-22T17:50:41.140Z",
      "object_repr": "skagfjord",
      "object_id": "5",
      "change_message": "",
      "user": [
        "martin"
      ],
      "content_type": [
        "auth",
        "user"
      ]
    }
  },
  {
    "pk": 91,
    "model": "admin.logentry",
    "fields": {
      "action_flag": 2,
      "action_time": "2012-08-22T14:39:29.876Z",
      "object_repr": "\u00d6kuma\u00f0ur",
      "object_id": "2",
      "change_message": "Changed title.",
      "user": [
        "martin"
      ],
      "content_type": [
        "events",
        "role"
      ]
    }
  },
  {
    "pk": 90,
    "model": "admin.logentry",
    "fields": {
      "action_flag": 1,
      "action_time": "2012-08-22T14:39:15.873Z",
      "object_repr": "Bj\u00f6rgunarma\u00f0ur",
      "object_id": "5",
      "change_message": "",
      "user": [
        "martin"
      ],
      "content_type": [
        "events",
        "role"
      ]
    }
  },
  {
    "pk": 89,
    "model": "admin.logentry",
    "fields": {
      "action_flag": 1,
      "action_time": "2012-08-22T14:39:10.358Z",
      "object_repr": "\u00deolandi",
      "object_id": "4",
      "change_message": "",
      "user": [
        "martin"
      ],
      "content_type": [
        "events",
        "role"
      ]
    }
  },
  {
    "pk": 88,
    "model": "admin.logentry",
    "fields": {
      "action_flag": 1,
      "action_time": "2012-08-22T14:38:09.281Z",
      "object_repr": "Lei\u00f0beinandi",
      "object_id": "3",
      "change_message": "",
      "user": [
        "martin"
      ],
      "content_type": [
        "events",
        "role"
      ]
    }
  },
  {
    "pk": 87,
    "model": "admin.logentry",
    "fields": {
      "action_flag": 1,
      "action_time": "2012-06-18T13:43:34.614Z",
      "object_repr": "Fundur",
      "object_id": "4",
      "change_message": "",
      "user": [
        "martin"
      ],
      "content_type": [
        "events",
        "eventtype"
      ]
    }
  },
  {
    "pk": 86,
    "model": "admin.logentry",
    "fields": {
      "action_flag": 1,
      "action_time": "2012-06-18T13:43:15.393Z",
      "object_repr": "Skemmtun",
      "object_id": "3",
      "change_message": "",
      "user": [
        "martin"
      ],
      "content_type": [
        "events",
        "eventtype"
      ]
    }
  },
  {
    "pk": 85,
    "model": "admin.logentry",
    "fields": {
      "action_flag": 1,
      "action_time": "2012-06-18T13:43:09.942Z",
      "object_repr": "Vinnukv\u00f6ld",
      "object_id": "2",
      "change_message": "",
      "user": [
        "martin"
      ],
      "content_type": [
        "events",
        "eventtype"
      ]
    }
  },
  {
    "pk": 84,
    "model": "admin.logentry",
    "fields": {
      "action_flag": 1,
      "action_time": "2012-06-15T03:33:38.872Z",
      "object_repr": "Membership object",
      "object_id": "7",
      "change_message": "",
      "user": [
        "martin"
      ],
      "content_type": [
        "groups",
        "membership"
      ]
    }
  },
  {
    "pk": 83,
    "model": "admin.logentry",
    "fields": {
      "action_flag": 1,
      "action_time": "2012-06-15T03:33:31.068Z",
      "object_repr": "Membership object",
      "object_id": "6",
      "change_message": "",
      "user": [
        "martin"
      ],
      "content_type": [
        "groups",
        "membership"
      ]
    }
  },
  {
    "pk": 82,
    "model": "admin.logentry",
    "fields": {
      "action_flag": 1,
      "action_time": "2012-06-15T03:33:24.039Z",
      "object_repr": "Membership object",
      "object_id": "5",
      "change_message": "",
      "user": [
        "martin"
      ],
      "content_type": [
        "groups",
        "membership"
      ]
    }
  },
  {
    "pk": 81,
    "model": "admin.logentry",
    "fields": {
      "action_flag": 2,
      "action_time": "2012-06-02T19:48:32.657Z",
      "object_repr": "edda",
      "object_id": "4",
      "change_message": "Changed password and last_name.",
      "user": [
        "martin"
      ],
      "content_type": [
        "auth",
        "user"
      ]
    }
  },
  {
    "pk": 80,
    "model": "admin.logentry",
    "fields": {
      "action_flag": 1,
      "action_time": "2012-06-01T23:00:46.407Z",
      "object_repr": "Membership object",
      "object_id": "4",
      "change_message": "",
      "user": [
        "martin"
      ],
      "content_type": [
        "groups",
        "membership"
      ]
    }
  },
  {
    "pk": 79,
    "model": "admin.logentry",
    "fields": {
      "action_flag": 1,
      "action_time": "2012-06-01T23:00:39.606Z",
      "object_repr": "Membership object",
      "object_id": "3",
      "change_message": "",
      "user": [
        "martin"
      ],
      "content_type": [
        "groups",
        "membership"
      ]
    }
  },
  {
    "pk": 78,
    "model": "admin.logentry",
    "fields": {
      "action_flag": 2,
      "action_time": "2012-06-01T13:30:05.589Z",
      "object_repr": "\u00d3lafur J\u00f3n J\u00f3nsson",
      "object_id": "2",
      "change_message": "Changed is_primary for email \"olijon@gmail.com\".",
      "user": [
        "martin"
      ],
      "content_type": [
        "members",
        "member"
      ]
    }
  },
  {
    "pk": 77,
    "model": "admin.logentry",
    "fields": {
      "action_flag": 2,
      "action_time": "2012-05-31T23:47:44.861Z",
      "object_repr": "B\u00fa\u00f0ah\u00f3pur",
      "object_id": "4",
      "change_message": "Changed slug.",
      "user": [
        "martin"
      ],
      "content_type": [
        "groups",
        "group"
      ]
    }
  },
  {
    "pk": 76,
    "model": "admin.logentry",
    "fields": {
      "action_flag": 2,
      "action_time": "2012-05-31T23:47:30.435Z",
      "object_repr": "B\u00edlah\u00f3pur",
      "object_id": "3",
      "change_message": "Changed slug.",
      "user": [
        "martin"
      ],
      "content_type": [
        "groups",
        "group"
      ]
    }
  },
  {
    "pk": 75,
    "model": "admin.logentry",
    "fields": {
      "action_flag": 2,
      "action_time": "2012-05-31T23:47:25.202Z",
      "object_repr": "T\u00f6lvuh\u00f3pur",
      "object_id": "2",
      "change_message": "Changed slug.",
      "user": [
        "martin"
      ],
      "content_type": [
        "groups",
        "group"
      ]
    }
  },
  {
    "pk": 74,
    "model": "admin.logentry",
    "fields": {
      "action_flag": 2,
      "action_time": "2012-05-31T23:47:19.018Z",
      "object_repr": "B\u00e6kist\u00f6\u00f0varh\u00f3pur",
      "object_id": "1",
      "change_message": "Changed slug.",
      "user": [
        "martin"
      ],
      "content_type": [
        "groups",
        "group"
      ]
    }
  },
  {
    "pk": 73,
    "model": "admin.logentry",
    "fields": {
      "action_flag": 2,
      "action_time": "2012-05-31T23:47:01.760Z",
      "object_repr": "Eftirb\u00e1tar",
      "object_id": "5",
      "change_message": "Changed slug.",
      "user": [
        "martin"
      ],
      "content_type": [
        "groups",
        "group"
      ]
    }
  },
  {
    "pk": 72,
    "model": "admin.logentry",
    "fields": {
      "action_flag": 1,
      "action_time": "2012-05-31T23:46:50.795Z",
      "object_repr": "L\u00e9ttsveit",
      "object_id": "6",
      "change_message": "",
      "user": [
        "martin"
      ],
      "content_type": [
        "groups",
        "group"
      ]
    }
  },
  {
    "pk": 71,
    "model": "admin.logentry",
    "fields": {
      "action_flag": 3,
      "action_time": "2012-05-31T23:41:57.999Z",
      "object_repr": "Hinted version, updated on 2012-05-25 15:22:24.922531+00:00",
      "object_id": "1",
      "change_message": "",
      "user": [
        "martin"
      ],
      "content_type": [
        "django_evolution",
        "version"
      ]
    }
  },
  {
    "pk": 70,
    "model": "admin.logentry",
    "fields": {
      "action_flag": 3,
      "action_time": "2012-05-31T23:41:57.972Z",
      "object_repr": "Hinted version, updated on 2012-05-25 15:23:57.772588+00:00",
      "object_id": "2",
      "change_message": "",
      "user": [
        "martin"
      ],
      "content_type": [
        "django_evolution",
        "version"
      ]
    }
  },
  {
    "pk": 69,
    "model": "admin.logentry",
    "fields": {
      "action_flag": 3,
      "action_time": "2012-05-31T23:41:57.946Z",
      "object_repr": "Hinted version, updated on 2012-05-25 15:29:13.652934+00:00",
      "object_id": "3",
      "change_message": "",
      "user": [
        "martin"
      ],
      "content_type": [
        "django_evolution",
        "version"
      ]
    }
  },
  {
    "pk": 68,
    "model": "admin.logentry",
    "fields": {
      "action_flag": 3,
      "action_time": "2012-05-31T23:41:57.918Z",
      "object_repr": "Hinted version, updated on 2012-05-25 15:44:06.253075+00:00",
      "object_id": "4",
      "change_message": "",
      "user": [
        "martin"
      ],
      "content_type": [
        "django_evolution",
        "version"
      ]
    }
  },
  {
    "pk": 67,
    "model": "admin.logentry",
    "fields": {
      "action_flag": 3,
      "action_time": "2012-05-31T23:41:57.891Z",
      "object_repr": "Hinted version, updated on 2012-05-25 15:45:41.519938+00:00",
      "object_id": "5",
      "change_message": "",
      "user": [
        "martin"
      ],
      "content_type": [
        "django_evolution",
        "version"
      ]
    }
  },
  {
    "pk": 66,
    "model": "admin.logentry",
    "fields": {
      "action_flag": 3,
      "action_time": "2012-05-31T23:41:57.864Z",
      "object_repr": "Hinted version, updated on 2012-05-25 17:24:14.166420+00:00",
      "object_id": "6",
      "change_message": "",
      "user": [
        "martin"
      ],
      "content_type": [
        "django_evolution",
        "version"
      ]
    }
  },
  {
    "pk": 65,
    "model": "admin.logentry",
    "fields": {
      "action_flag": 3,
      "action_time": "2012-05-31T23:41:57.831Z",
      "object_repr": "Hinted version, updated on 2012-05-25 17:30:51.987492+00:00",
      "object_id": "7",
      "change_message": "",
      "user": [
        "martin"
      ],
      "content_type": [
        "django_evolution",
        "version"
      ]
    }
  },
  {
    "pk": 64,
    "model": "admin.logentry",
    "fields": {
      "action_flag": 3,
      "action_time": "2012-05-31T23:41:57.797Z",
      "object_repr": "Hinted version, updated on 2012-05-31 22:12:52.965968+00:00",
      "object_id": "8",
      "change_message": "",
      "user": [
        "martin"
      ],
      "content_type": [
        "django_evolution",
        "version"
      ]
    }
  },
  {
    "pk": 63,
    "model": "admin.logentry",
    "fields": {
      "action_flag": 1,
      "action_time": "2012-05-31T20:24:07.224Z",
      "object_repr": "Stillasabygging B\u00edlstj\u00f3ri>edda",
      "object_id": "6",
      "change_message": "",
      "user": [
        "martin"
      ],
      "content_type": [
        "events",
        "memberinvitation"
      ]
    }
  },
  {
    "pk": 62,
    "model": "admin.logentry",
    "fields": {
      "action_flag": 1,
      "action_time": "2012-05-31T20:23:59.571Z",
      "object_repr": "Stillasabygging \u00c1byrg\u00f0arma\u00f0ur>olijon",
      "object_id": "5",
      "change_message": "",
      "user": [
        "martin"
      ],
      "content_type": [
        "events",
        "memberinvitation"
      ]
    }
  },
  {
    "pk": 61,
    "model": "admin.logentry",
    "fields": {
      "action_flag": 1,
      "action_time": "2012-05-30T17:01:31.632Z",
      "object_repr": "Stillasabygging",
      "object_id": "3",
      "change_message": "",
      "user": [
        "martin"
      ],
      "content_type": [
        "events",
        "event"
      ]
    }
  },
  {
    "pk": 60,
    "model": "admin.logentry",
    "fields": {
      "action_flag": 1,
      "action_time": "2012-05-30T14:03:16.151Z",
      "object_repr": "MemberInvitation object",
      "object_id": "4",
      "change_message": "",
      "user": [
        "martin"
      ],
      "content_type": [
        "events",
        "memberinvitation"
      ]
    }
  },
  {
    "pk": 59,
    "model": "admin.logentry",
    "fields": {
      "action_flag": 1,
      "action_time": "2012-05-30T14:03:09.328Z",
      "object_repr": "MemberInvitation object",
      "object_id": "3",
      "change_message": "",
      "user": [
        "martin"
      ],
      "content_type": [
        "events",
        "memberinvitation"
      ]
    }
  },
  {
    "pk": 58,
    "model": "admin.logentry",
    "fields": {
      "action_flag": 1,
      "action_time": "2012-05-30T14:03:02.798Z",
      "object_repr": "MemberInvitation object",
      "object_id": "2",
      "change_message": "",
      "user": [
        "martin"
      ],
      "content_type": [
        "events",
        "memberinvitation"
      ]
    }
  },
  {
    "pk": 57,
    "model": "admin.logentry",
    "fields": {
      "action_flag": 2,
      "action_time": "2012-05-30T14:02:08.536Z",
      "object_repr": "B\u00e6kist\u00f6\u00f0varh\u00f3pur",
      "object_id": "1",
      "change_message": "Changed title.",
      "user": [
        "martin"
      ],
      "content_type": [
        "groups",
        "group"
      ]
    }
  },
  {
    "pk": 56,
    "model": "admin.logentry",
    "fields": {
      "action_flag": 2,
      "action_time": "2012-05-30T01:53:50.423Z",
      "object_repr": "edda",
      "object_id": "4",
      "change_message": "Changed password, first_name and last_name.",
      "user": [
        "martin"
      ],
      "content_type": [
        "auth",
        "user"
      ]
    }
  },
  {
    "pk": 55,
    "model": "admin.logentry",
    "fields": {
      "action_flag": 1,
      "action_time": "2012-05-30T01:33:35.424Z",
      "object_repr": " ",
      "object_id": "4",
      "change_message": "",
      "user": [
        "olijon"
      ],
      "content_type": [
        "members",
        "member"
      ]
    }
  },
  {
    "pk": 54,
    "model": "admin.logentry",
    "fields": {
      "action_flag": 1,
      "action_time": "2012-05-30T01:33:29.369Z",
      "object_repr": "edda",
      "object_id": "4",
      "change_message": "",
      "user": [
        "olijon"
      ],
      "content_type": [
        "auth",
        "user"
      ]
    }
  },
  {
    "pk": 53,
    "model": "admin.logentry",
    "fields": {
      "action_flag": 2,
      "action_time": "2012-05-29T16:09:12.700Z",
      "object_repr": "olijon",
      "object_id": "2",
      "change_message": "Changed password, is_staff and is_superuser.",
      "user": [
        "martin"
      ],
      "content_type": [
        "auth",
        "user"
      ]
    }
  },
  {
    "pk": 52,
    "model": "admin.logentry",
    "fields": {
      "action_flag": 1,
      "action_time": "2012-05-29T15:58:45.120Z",
      "object_repr": "Eftirb\u00e1tar",
      "object_id": "5",
      "change_message": "",
      "user": [
        "martin"
      ],
      "content_type": [
        "groups",
        "group"
      ]
    }
  },
  {
    "pk": 51,
    "model": "admin.logentry",
    "fields": {
      "action_flag": 2,
      "action_time": "2012-05-28T12:59:01.287Z",
      "object_repr": "T\u00f6lvuh\u00f3pur",
      "object_id": "2",
      "change_message": "Changed group_type.",
      "user": [
        "martin"
      ],
      "content_type": [
        "groups",
        "group"
      ]
    }
  },
  {
    "pk": 50,
    "model": "admin.logentry",
    "fields": {
      "action_flag": 1,
      "action_time": "2012-05-26T03:07:33.043Z",
      "object_repr": "MemberInvitation object",
      "object_id": "1",
      "change_message": "",
      "user": [
        "martin"
      ],
      "content_type": [
        "events",
        "memberinvitation"
      ]
    }
  },
  {
    "pk": 49,
    "model": "admin.logentry",
    "fields": {
      "action_flag": 1,
      "action_time": "2012-05-26T03:05:01.550Z",
      "object_repr": "Jibb\u00edk\u00f3la",
      "object_id": "2",
      "change_message": "",
      "user": [
        "martin"
      ],
      "content_type": [
        "events",
        "event"
      ]
    }
  },
  {
    "pk": 48,
    "model": "admin.logentry",
    "fields": {
      "action_flag": 2,
      "action_time": "2012-05-26T03:04:29.298Z",
      "object_repr": "Opnunarh\u00e1t\u00f0i\u00f0",
      "object_id": "1",
      "change_message": "No fields changed.",
      "user": [
        "martin"
      ],
      "content_type": [
        "events",
        "event"
      ]
    }
  },
  {
    "pk": 47,
    "model": "admin.logentry",
    "fields": {
      "action_flag": 1,
      "action_time": "2012-05-25T19:40:34.088Z",
      "object_repr": "GroupInvitation object",
      "object_id": "2",
      "change_message": "",
      "user": [
        "martin"
      ],
      "content_type": [
        "events",
        "groupinvitation"
      ]
    }
  },
  {
    "pk": 46,
    "model": "admin.logentry",
    "fields": {
      "action_flag": 1,
      "action_time": "2012-05-25T19:40:19.570Z",
      "object_repr": "GroupInvitation object",
      "object_id": "1",
      "change_message": "",
      "user": [
        "martin"
      ],
      "content_type": [
        "events",
        "groupinvitation"
      ]
    }
  },
  {
    "pk": 45,
    "model": "admin.logentry",
    "fields": {
      "action_flag": 1,
      "action_time": "2012-05-25T19:38:05.721Z",
      "object_repr": "Event object",
      "object_id": "1",
      "change_message": "",
      "user": [
        "martin"
      ],
      "content_type": [
        "events",
        "event"
      ]
    }
  },
  {
    "pk": 44,
    "model": "admin.logentry",
    "fields": {
      "action_flag": 1,
      "action_time": "2012-05-25T19:37:23.450Z",
      "object_repr": "EventType object",
      "object_id": "1",
      "change_message": "",
      "user": [
        "martin"
      ],
      "content_type": [
        "events",
        "eventtype"
      ]
    }
  },
  {
    "pk": 43,
    "model": "admin.logentry",
    "fields": {
      "action_flag": 1,
      "action_time": "2012-05-25T19:33:43.473Z",
      "object_repr": "B\u00edlstj\u00f3ri",
      "object_id": "2",
      "change_message": "",
      "user": [
        "martin"
      ],
      "content_type": [
        "events",
        "role"
      ]
    }
  },
  {
    "pk": 42,
    "model": "admin.logentry",
    "fields": {
      "action_flag": 1,
      "action_time": "2012-05-25T19:32:26.348Z",
      "object_repr": "Role object",
      "object_id": "1",
      "change_message": "",
      "user": [
        "martin"
      ],
      "content_type": [
        "events",
        "role"
      ]
    }
  },
  {
    "pk": 41,
    "model": "admin.logentry",
    "fields": {
      "action_flag": 1,
      "action_time": "2012-05-25T15:59:13.393Z",
      "object_repr": "7734565",
      "object_id": "1",
      "change_message": "",
      "user": [
        "martin"
      ],
      "content_type": [
        "members",
        "phone"
      ]
    }
  },
  {
    "pk": 40,
    "model": "admin.logentry",
    "fields": {
      "action_flag": 1,
      "action_time": "2012-05-25T15:52:18.924Z",
      "object_repr": "olijon@gmail.com",
      "object_id": "3",
      "change_message": "",
      "user": [
        "martin"
      ],
      "content_type": [
        "members",
        "email"
      ]
    }
  },
  {
    "pk": 39,
    "model": "admin.logentry",
    "fields": {
      "action_flag": 1,
      "action_time": "2012-05-25T15:52:11.325Z",
      "object_repr": "martin.swift@gmail.com",
      "object_id": "2",
      "change_message": "",
      "user": [
        "martin"
      ],
      "content_type": [
        "members",
        "email"
      ]
    }
  },
  {
    "pk": 38,
    "model": "admin.logentry",
    "fields": {
      "action_flag": 1,
      "action_time": "2012-05-25T15:52:01.108Z",
      "object_repr": "martin@swift.is",
      "object_id": "1",
      "change_message": "",
      "user": [
        "martin"
      ],
      "content_type": [
        "members",
        "email"
      ]
    }
  },
  {
    "pk": 37,
    "model": "admin.logentry",
    "fields": {
      "action_flag": 2,
      "action_time": "2012-05-25T15:49:50.411Z",
      "object_repr": "gbriem",
      "object_id": "3",
      "change_message": "Changed password, first_name and last_name.",
      "user": [
        "martin"
      ],
      "content_type": [
        "auth",
        "user"
      ]
    }
  },
  {
    "pk": 36,
    "model": "admin.logentry",
    "fields": {
      "action_flag": 1,
      "action_time": "2012-05-25T15:48:50.938Z",
      "object_repr": " ",
      "object_id": "3",
      "change_message": "",
      "user": [
        "martin"
      ],
      "content_type": [
        "members",
        "member"
      ]
    }
  },
  {
    "pk": 35,
    "model": "admin.logentry",
    "fields": {
      "action_flag": 1,
      "action_time": "2012-05-25T15:48:14.193Z",
      "object_repr": "gbriem",
      "object_id": "3",
      "change_message": "",
      "user": [
        "martin"
      ],
      "content_type": [
        "auth",
        "user"
      ]
    }
  },
  {
    "pk": 34,
    "model": "admin.logentry",
    "fields": {
      "action_flag": 1,
      "action_time": "2012-05-25T15:48:00.586Z",
      "object_repr": "\u00d3lafur J\u00f3n J\u00f3nsson",
      "object_id": "2",
      "change_message": "",
      "user": [
        "martin"
      ],
      "content_type": [
        "members",
        "member"
      ]
    }
  },
  {
    "pk": 33,
    "model": "admin.logentry",
    "fields": {
      "action_flag": 1,
      "action_time": "2012-05-25T15:46:45.062Z",
      "object_repr": "Martin J\u00f3nas Bj\u00f6rn Swift",
      "object_id": "1",
      "change_message": "",
      "user": [
        "martin"
      ],
      "content_type": [
        "members",
        "member"
      ]
    }
  },
  {
    "pk": 32,
    "model": "admin.logentry",
    "fields": {
      "action_flag": 1,
      "action_time": "2012-05-25T14:55:59.108Z",
      "object_repr": "B\u00fa\u00f0ah\u00f3pur",
      "object_id": "4",
      "change_message": "",
      "user": [
        "martin"
      ],
      "content_type": [
        "groups",
        "group"
      ]
    }
  },
  {
    "pk": 31,
    "model": "admin.logentry",
    "fields": {
      "action_flag": 1,
      "action_time": "2012-05-25T14:54:12.254Z",
      "object_repr": "B\u00edlah\u00f3pur",
      "object_id": "3",
      "change_message": "",
      "user": [
        "martin"
      ],
      "content_type": [
        "groups",
        "group"
      ]
    }
  },
  {
    "pk": 30,
    "model": "admin.logentry",
    "fields": {
      "action_flag": 1,
      "action_time": "2012-05-25T14:52:50.428Z",
      "object_repr": "T\u00f6lvuh\u00f3pur",
      "object_id": "2",
      "change_message": "",
      "user": [
        "martin"
      ],
      "content_type": [
        "groups",
        "group"
      ]
    }
  },
  {
    "pk": 29,
    "model": "admin.logentry",
    "fields": {
      "action_flag": 1,
      "action_time": "2012-05-25T14:48:50.873Z",
      "object_repr": "B\u00e6kist\u00f6\u00f0vah\u00f3pur",
      "object_id": "1",
      "change_message": "",
      "user": [
        "martin"
      ],
      "content_type": [
        "groups",
        "group"
      ]
    }
  },
  {
    "pk": 28,
    "model": "admin.logentry",
    "fields": {
      "action_flag": 1,
      "action_time": "2012-05-25T14:37:35.530Z",
      "object_repr": "B\u00e6kist\u00f6\u00f0vah\u00f3pur",
      "object_id": "2",
      "change_message": "",
      "user": [
        "martin"
      ],
      "content_type": [
        "groups",
        "group"
      ]
    }
  },
  {
    "pk": 27,
    "model": "admin.logentry",
    "fields": {
      "action_flag": 2,
      "action_time": "2012-05-24T17:01:01.898Z",
      "object_repr": "olijon",
      "object_id": "2",
      "change_message": "Changed username and password.",
      "user": [
        "martin"
      ],
      "content_type": [
        "auth",
        "user"
      ]
    }
  },
  {
    "pk": 26,
    "model": "admin.logentry",
    "fields": {
      "action_flag": 2,
      "action_time": "2012-05-24T17:00:50.050Z",
      "object_repr": "olinonni",
      "object_id": "2",
      "change_message": "Changed username and password.",
      "user": [
        "martin"
      ],
      "content_type": [
        "auth",
        "user"
      ]
    }
  },
  {
    "pk": 25,
    "model": "admin.logentry",
    "fields": {
      "action_flag": 1,
      "action_time": "2012-05-24T16:59:57.183Z",
      "object_repr": "Membership object",
      "object_id": "2",
      "change_message": "",
      "user": [
        "martin"
      ],
      "content_type": [
        "groups",
        "membership"
      ]
    }
  },
  {
    "pk": 24,
    "model": "admin.logentry",
    "fields": {
      "action_flag": 1,
      "action_time": "2012-05-24T16:59:49.910Z",
      "object_repr": "Membership object",
      "object_id": "1",
      "change_message": "",
      "user": [
        "martin"
      ],
      "content_type": [
        "groups",
        "membership"
      ]
    }
  },
  {
    "pk": 23,
    "model": "admin.logentry",
    "fields": {
      "action_flag": 1,
      "action_time": "2012-05-24T16:59:26.875Z",
      "object_repr": "T\u00f6lvuh\u00f3pur",
      "object_id": "1",
      "change_message": "",
      "user": [
        "martin"
      ],
      "content_type": [
        "groups",
        "group"
      ]
    }
  },
  {
    "pk": 22,
    "model": "admin.logentry",
    "fields": {
      "action_flag": 1,
      "action_time": "2012-05-24T16:23:58.197Z",
      "object_repr": "Stj\u00f3rnendur \u00fatkallsh\u00f3pa",
      "object_id": "13",
      "change_message": "",
      "user": [
        "martin"
      ],
      "content_type": [
        "auth",
        "group"
      ]
    }
  },
  {
    "pk": 21,
    "model": "admin.logentry",
    "fields": {
      "action_flag": 1,
      "action_time": "2012-05-24T16:23:46.298Z",
      "object_repr": "Stj\u00f3rn",
      "object_id": "12",
      "change_message": "",
      "user": [
        "martin"
      ],
      "content_type": [
        "auth",
        "group"
      ]
    }
  },
  {
    "pk": 20,
    "model": "admin.logentry",
    "fields": {
      "action_flag": 1,
      "action_time": "2012-05-24T16:23:40.827Z",
      "object_repr": "Snj\u00f3b\u00edlsh\u00f3pur",
      "object_id": "11",
      "change_message": "",
      "user": [
        "martin"
      ],
      "content_type": [
        "auth",
        "group"
      ]
    }
  },
  {
    "pk": 19,
    "model": "admin.logentry",
    "fields": {
      "action_flag": 1,
      "action_time": "2012-05-24T16:23:35.339Z",
      "object_repr": "Sle\u00f0ah\u00f3pur",
      "object_id": "10",
      "change_message": "",
      "user": [
        "martin"
      ],
      "content_type": [
        "auth",
        "group"
      ]
    }
  },
  {
    "pk": 18,
    "model": "admin.logentry",
    "fields": {
      "action_flag": 1,
      "action_time": "2012-05-24T16:23:28.005Z",
      "object_repr": "Sj\u00fakrah\u00f3pur",
      "object_id": "9",
      "change_message": "",
      "user": [
        "martin"
      ],
      "content_type": [
        "auth",
        "group"
      ]
    }
  },
  {
    "pk": 17,
    "model": "admin.logentry",
    "fields": {
      "action_flag": 1,
      "action_time": "2012-05-24T16:23:20.190Z",
      "object_repr": "L\u00e9ttsveit",
      "object_id": "8",
      "change_message": "",
      "user": [
        "martin"
      ],
      "content_type": [
        "auth",
        "group"
      ]
    }
  },
  {
    "pk": 16,
    "model": "admin.logentry",
    "fields": {
      "action_flag": 1,
      "action_time": "2012-05-24T16:23:14.244Z",
      "object_repr": "Leitarh\u00f3pur",
      "object_id": "7",
      "change_message": "",
      "user": [
        "martin"
      ],
      "content_type": [
        "auth",
        "group"
      ]
    }
  },
  {
    "pk": 15,
    "model": "admin.logentry",
    "fields": {
      "action_flag": 1,
      "action_time": "2012-05-24T16:23:06.487Z",
      "object_repr": "Leitarhundar",
      "object_id": "6",
      "change_message": "",
      "user": [
        "martin"
      ],
      "content_type": [
        "auth",
        "group"
      ]
    }
  },
  {
    "pk": 14,
    "model": "admin.logentry",
    "fields": {
      "action_flag": 1,
      "action_time": "2012-05-24T16:22:54.506Z",
      "object_repr": "Fjallah\u00f3pur",
      "object_id": "5",
      "change_message": "",
      "user": [
        "martin"
      ],
      "content_type": [
        "auth",
        "group"
      ]
    }
  },
  {
    "pk": 13,
    "model": "admin.logentry",
    "fields": {
      "action_flag": 1,
      "action_time": "2012-05-24T16:22:49.826Z",
      "object_repr": "T\u00f6lvuh\u00f3pur",
      "object_id": "4",
      "change_message": "",
      "user": [
        "martin"
      ],
      "content_type": [
        "auth",
        "group"
      ]
    }
  },
  {
    "pk": 12,
    "model": "admin.logentry",
    "fields": {
      "action_flag": 1,
      "action_time": "2012-05-24T16:22:43.996Z",
      "object_repr": "B\u00fa\u00f0ah\u00f3pur",
      "object_id": "3",
      "change_message": "",
      "user": [
        "martin"
      ],
      "content_type": [
        "auth",
        "group"
      ]
    }
  },
  {
    "pk": 11,
    "model": "admin.logentry",
    "fields": {
      "action_flag": 1,
      "action_time": "2012-05-24T16:22:38.539Z",
      "object_repr": "B\u00edlah\u00f3pur",
      "object_id": "2",
      "change_message": "",
      "user": [
        "martin"
      ],
      "content_type": [
        "auth",
        "group"
      ]
    }
  },
  {
    "pk": 10,
    "model": "admin.logentry",
    "fields": {
      "action_flag": 1,
      "action_time": "2012-05-24T16:22:25.593Z",
      "object_repr": "B\u00e6kist\u00f6\u00f0varh\u00f3pur",
      "object_id": "1",
      "change_message": "",
      "user": [
        "martin"
      ],
      "content_type": [
        "auth",
        "group"
      ]
    }
  },
  {
    "pk": 9,
    "model": "admin.logentry",
    "fields": {
      "action_flag": 3,
      "action_time": "2012-05-24T16:21:54.279Z",
      "object_repr": "Vefstj\u00f3rnandi",
      "object_id": "1",
      "change_message": "",
      "user": [
        "martin"
      ],
      "content_type": [
        "auth",
        "group"
      ]
    }
  },
  {
    "pk": 8,
    "model": "admin.logentry",
    "fields": {
      "action_flag": 3,
      "action_time": "2012-05-24T16:21:54.265Z",
      "object_repr": "H\u00f3pstj\u00f3ri",
      "object_id": "2",
      "change_message": "",
      "user": [
        "martin"
      ],
      "content_type": [
        "auth",
        "group"
      ]
    }
  },
  {
    "pk": 7,
    "model": "admin.logentry",
    "fields": {
      "action_flag": 1,
      "action_time": "2012-05-24T16:21:19.855Z",
      "object_repr": "H\u00f3pstj\u00f3ri",
      "object_id": "2",
      "change_message": "",
      "user": [
        "martin"
      ],
      "content_type": [
        "auth",
        "group"
      ]
    }
  },
  {
    "pk": 6,
    "model": "admin.logentry",
    "fields": {
      "action_flag": 1,
      "action_time": "2012-05-24T16:20:26.082Z",
      "object_repr": "Vefstj\u00f3rnandi",
      "object_id": "1",
      "change_message": "",
      "user": [
        "martin"
      ],
      "content_type": [
        "auth",
        "group"
      ]
    }
  },
  {
    "pk": 5,
    "model": "admin.logentry",
    "fields": {
      "action_flag": 2,
      "action_time": "2012-05-24T16:14:50.500Z",
      "object_repr": "olijon",
      "object_id": "2",
      "change_message": "Changed password, first_name, last_name and email.",
      "user": [
        "martin"
      ],
      "content_type": [
        "auth",
        "user"
      ]
    }
  },
  {
    "pk": 4,
    "model": "admin.logentry",
    "fields": {
      "action_flag": 2,
      "action_time": "2012-05-24T16:14:12.520Z",
      "object_repr": "martin",
      "object_id": "1",
      "change_message": "Changed password, first_name and last_name.",
      "user": [
        "martin"
      ],
      "content_type": [
        "auth",
        "user"
      ]
    }
  },
  {
    "pk": 2,
    "model": "admin.logentry",
    "fields": {
      "action_flag": 1,
      "action_time": "2012-05-24T16:11:33.821Z",
      "object_repr": "olijon",
      "object_id": "2",
      "change_message": "",
      "user": [
        "martin"
      ],
      "content_type": [
        "auth",
        "user"
      ]
    }
  },
  {
    "pk": 1,
    "model": "members.member",
    "fields": {
      "info": "\u00deessi ungi ma\u00f0ur er n\u00fa alveg yndislegur!",
      "position": "NC",
      "address": "Melhagi 3\r\n107 Reykjav\u00edk\r\n\u00cdsland",
      "user": [
        "martin"
      ],
      "member_id": 3108804779
    }
  },
  {
    "pk": 2,
    "model": "members.member",
    "fields": {
      "info": "Vitav\u00f6r\u00f0ur \u00ed Hverager\u00f0ish\u00f6fn",
      "position": "OC",
      "address": "N\u00fapssta\u00f0ir 3\r\nEverestfjall\r\nAtlantis",
      "user": [
        "olijon"
      ],
      "member_id": 1234567890
    }
  },
  {
    "pk": 3,
    "model": "members.member",
    "fields": {
      "info": "",
      "position": "IT",
      "address": "",
      "user": [
        "gbriem"
      ],
      "member_id": 1234567891
    }
  },
  {
    "pk": 4,
    "model": "members.member",
    "fields": {
      "info": "Info ...",
      "position": "OC",
      "address": "Address",
      "user": [
        "edda"
      ],
      "member_id": 1000
    }
  },
  {
    "pk": 5,
    "model": "members.member",
    "fields": {
      "info": "",
      "position": "OC",
      "address": "",
      "user": [
        "skagfjord"
      ],
      "member_id": 4
    }
  },
  {
    "pk": 6,
    "model": "members.member",
    "fields": {
      "info": "Bla",
      "position": "OC",
      "address": "R\u00e1nargata",
      "user": [
        "stefanba"
      ],
      "member_id": 1234567890
    }
  },
  {
    "pk": 7,
    "model": "members.member",
    "fields": {
      "info": "",
      "position": "IT",
      "address": "S\u00edatt\u00fal...",
      "user": [
        "bjorn"
      ],
      "member_id": 2708831234
    }
  },
  {
    "pk": 8,
    "model": "members.member",
    "fields": {
      "info": "",
      "position": "IT",
      "address": "",
      "user": [
        "albert"
      ],
      "member_id": 1901745229
    }
  },
  {
    "pk": 9,
    "model": "members.member",
    "fields": {
      "info": "",
      "position": "OC",
      "address": "",
      "user": [
        "gestur"
      ],
      "member_id": 1234567890
    }
  }
]